guy3_chair070.jpg,150.0,101.0,0.6963373,155.0,96.0,0.8117413,145.0,96.0,0.77563983,163.0,97.0,0.77925044,140.0,97.0,0.58230937,172.0,112.0,0.8095015,133.0,115.0,0.6753037,185.0,80.0,0.7303529,119.0,82.0,0.6053123,183.0,51.0,0.34774488,116.0,49.0,0.38191372,164.0,190.0,0.8527211,139.0,190.0,0.63063884,156.0,247.0,0.8304024,136.0,245.0,0.7107686,158.0,284.0,0.77941644,141.0,282.0,0.8566095
guy3_chair070_flipped.jpg,151.0,101.0,0.77231014,155.0,96.0,0.7604643,145.0,96.0,0.82412696,160.0,97.0,0.75006163,137.0,98.0,0.8058311,166.0,115.0,0.5629783,127.0,114.0,0.6417402,182.0,82.0,0.7553369,115.0,79.0,0.7511669,180.0,48.0,0.5284923,118.0,52.0,0.17422795,161.0,188.0,0.7033818,137.0,190.0,0.82573706,162.0,245.0,0.8388886,143.0,247.0,0.81184,157.0,283.0,0.6520706,143.0,287.0,0.7749977
guy3_chair071.jpg,151.0,103.0,0.7204094,155.0,99.0,0.8642204,146.0,98.0,0.8026757,163.0,99.0,0.7085022,141.0,99.0,0.5423883,173.0,113.0,0.7942122,132.0,116.0,0.7307279,185.0,81.0,0.7149477,119.0,84.0,0.7780695,182.0,54.0,0.40828303,116.0,54.0,0.30040985,164.0,190.0,0.5447947,139.0,190.0,0.6033491,155.0,248.0,0.77792716,136.0,245.0,0.7947452,157.0,286.0,0.7920723,141.0,281.0,0.78065205
guy3_chair071_flipped.jpg,150.0,103.0,0.77411234,154.0,98.0,0.5919479,145.0,97.0,0.6525137,158.0,99.0,0.7735012,137.0,100.0,0.79147804,166.0,117.0,0.53956705,127.0,117.0,0.61406773,182.0,84.0,0.7392137,115.0,81.0,0.67028725,179.0,51.0,0.5482165,117.0,55.0,0.33766896,160.0,189.0,0.68068826,135.0,190.0,0.7845532,163.0,246.0,0.89271516,143.0,249.0,0.9105202,157.0,282.0,0.71016026,143.0,286.0,0.72137874
guy3_chair072.jpg,150.0,105.0,0.72482115,155.0,100.0,0.8436587,146.0,100.0,0.7985738,164.0,101.0,0.7488888,142.0,101.0,0.68599355,174.0,114.0,0.751051,134.0,118.0,0.62308806,184.0,83.0,0.7477197,119.0,87.0,0.5094986,182.0,55.0,0.4606901,116.0,53.0,0.39740083,164.0,191.0,0.71556485,140.0,191.0,0.77598184,156.0,248.0,0.7333174,136.0,245.0,0.8683716,157.0,287.0,0.78728116,141.0,282.0,0.83864754
guy3_chair072_flipped.jpg,151.0,105.0,0.778852,154.0,100.0,0.5952201,145.0,100.0,0.6919168,158.0,100.0,0.6899402,137.0,102.0,0.81191283,166.0,117.0,0.7651931,126.0,118.0,0.7755871,181.0,84.0,0.8234781,116.0,84.0,0.8811945,182.0,59.0,0.43296924,119.0,59.0,0.13283558,160.0,189.0,0.8318119,135.0,191.0,0.7881634,164.0,247.0,0.81465787,144.0,249.0,0.83874255,157.0,282.0,0.7027539,142.0,287.0,0.6853219
guy3_chair073.jpg,150.0,107.0,0.71612054,155.0,102.0,0.63974476,146.0,101.0,0.54655665,163.0,103.0,0.79290444,142.0,102.0,0.72572565,174.0,116.0,0.8532379,134.0,120.0,0.68733215,184.0,85.0,0.84933376,119.0,87.0,0.65777004,181.0,54.0,0.53443414,116.0,53.0,0.4397985,165.0,193.0,0.7414944,140.0,193.0,0.8116907,157.0,252.0,0.7817171,137.0,246.0,0.8817979,159.0,287.0,0.7704824,142.0,282.0,0.7583646
guy3_chair073_flipped.jpg,150.0,107.0,0.7587061,154.0,102.0,0.6207942,145.0,102.0,0.7427039,158.0,102.0,0.73987776,137.0,103.0,0.849881,165.0,119.0,0.81385523,126.0,119.0,0.85224617,181.0,87.0,0.6961319,117.0,84.0,0.7936393,184.0,60.0,0.52985173,120.0,61.0,0.21130474,159.0,190.0,0.82244647,135.0,192.0,0.7936953,164.0,246.0,0.8462175,142.0,249.0,0.8858297,156.0,283.0,0.75506777,142.0,290.0,0.7468126
guy3_chair074.jpg,149.0,109.0,0.49887708,154.0,104.0,0.78808236,145.0,103.0,0.65956247,163.0,104.0,0.57862175,142.0,105.0,0.6264491,174.0,117.0,0.74711204,134.0,122.0,0.5893769,183.0,86.0,0.7702624,119.0,90.0,0.7048149,180.0,58.0,0.50968814,114.0,56.0,0.3755785,164.0,193.0,0.72408617,140.0,193.0,0.7986757,154.0,252.0,0.6216407,135.0,249.0,0.8682007,158.0,288.0,0.84551203,142.0,283.0,0.878365
guy3_chair074_flipped.jpg,151.0,109.0,0.611608,155.0,104.0,0.61806417,145.0,104.0,0.75038713,158.0,105.0,0.79890037,137.0,106.0,0.8452205,165.0,122.0,0.72102183,126.0,121.0,0.8518677,181.0,90.0,0.7388557,117.0,87.0,0.5672243,184.0,62.0,0.6572319,122.0,63.0,0.16277884,158.0,191.0,0.71648,135.0,193.0,0.8430176,164.0,249.0,0.86644155,144.0,251.0,0.9033222,156.0,282.0,0.78262866,143.0,289.0,0.78637725
guy3_chair075.jpg,150.0,111.0,0.7020038,155.0,106.0,0.867119,146.0,106.0,0.7295946,164.0,106.0,0.8678278,143.0,106.0,0.75383365,174.0,121.0,0.66673625,134.0,122.0,0.8055937,183.0,87.0,0.66915524,120.0,92.0,0.74464786,181.0,64.0,0.41228577,115.0,60.0,0.43611658,166.0,194.0,0.8204733,141.0,194.0,0.82707804,155.0,253.0,0.6998398,134.0,249.0,0.7249858,159.0,287.0,0.8025218,143.0,281.0,0.8742831
guy3_chair075_flipped.jpg,151.0,111.0,0.74281764,154.0,105.0,0.5047132,145.0,105.0,0.65721786,158.0,106.0,0.7641411,137.0,107.0,0.79447156,165.0,123.0,0.6866634,126.0,122.0,0.8743994,181.0,90.0,0.51357025,118.0,88.0,0.8253975,184.0,65.0,0.59195673,120.0,64.0,0.1554712,157.0,192.0,0.7125201,134.0,194.0,0.8399316,165.0,248.0,0.90279007,144.0,251.0,0.91628546,156.0,279.0,0.78952193,142.0,286.0,0.7517347
guy3_chair076.jpg,148.0,113.0,0.6756077,154.0,108.0,0.73265946,144.0,108.0,0.7734878,163.0,107.0,0.81207126,142.0,108.0,0.6600133,174.0,121.0,0.755242,134.0,124.0,0.8533528,182.0,90.0,0.8410232,120.0,92.0,0.6254471,180.0,65.0,0.28757724,116.0,65.0,0.3398946,166.0,195.0,0.6337769,141.0,195.0,0.83065265,155.0,252.0,0.8950485,134.0,249.0,0.89361256,159.0,286.0,0.84321344,143.0,280.0,0.7718439
guy3_chair076_flipped.jpg,151.0,112.0,0.7434814,155.0,107.0,0.6647768,146.0,107.0,0.60617405,159.0,108.0,0.68936014,138.0,109.0,0.7662699,165.0,125.0,0.80917114,126.0,124.0,0.68560016,180.0,92.0,0.67859435,118.0,89.0,0.8529214,184.0,66.0,0.4759102,121.0,66.0,0.11845885,158.0,194.0,0.77703947,134.0,196.0,0.8502433,166.0,250.0,0.92500025,145.0,252.0,0.86273587,155.0,280.0,0.75724816,143.0,287.0,0.8099071
guy3_chair077.jpg,148.0,114.0,0.6935244,153.0,109.0,0.8341442,144.0,109.0,0.7964196,162.0,109.0,0.73905116,142.0,110.0,0.6090795,173.0,123.0,0.62895346,134.0,125.0,0.76004446,180.0,91.0,0.7395127,120.0,93.0,0.57487744,176.0,58.0,0.68810695,114.0,60.0,0.38135952,166.0,197.0,0.71013093,142.0,196.0,0.756969,154.0,253.0,0.764388,134.0,251.0,0.89539576,158.0,288.0,0.72342426,143.0,281.0,0.63047856
guy3_chair077_flipped.jpg,152.0,114.0,0.74718106,156.0,108.0,0.6575066,146.0,109.0,0.8289784,158.0,109.0,0.8112387,137.0,110.0,0.75421596,165.0,125.0,0.8145017,127.0,125.0,0.70582986,180.0,93.0,0.82411766,119.0,89.0,0.7410989,185.0,68.0,0.6041414,123.0,68.0,0.13121638,157.0,195.0,0.8732623,133.0,196.0,0.833731,166.0,249.0,0.93691576,145.0,251.0,0.83487,156.0,280.0,0.79112154,143.0,285.0,0.8107825
guy3_chair078.jpg,146.0,116.0,0.64912355,152.0,110.0,0.80284655,143.0,110.0,0.70658946,162.0,110.0,0.787789,140.0,111.0,0.7176386,173.0,125.0,0.5738727,134.0,126.0,0.69539696,180.0,93.0,0.8053483,118.0,97.0,0.63504565,176.0,59.0,0.50298786,113.0,62.0,0.44474655,166.0,197.0,0.503144,141.0,197.0,0.74541616,153.0,252.0,0.7217052,133.0,249.0,0.8420396,158.0,288.0,0.8288852,143.0,281.0,0.6437761
guy3_chair078_flipped.jpg,153.0,115.0,0.6330497,156.0,110.0,0.6425756,147.0,110.0,0.83032304,158.0,110.0,0.7844438,138.0,111.0,0.77693415,165.0,126.0,0.77767855,127.0,126.0,0.8302989,182.0,95.0,0.6934617,120.0,92.0,0.71330845,186.0,70.0,0.5782597,123.0,69.0,0.25675586,156.0,195.0,0.8662088,132.0,197.0,0.8325182,166.0,249.0,0.9482897,146.0,250.0,0.861953,155.0,279.0,0.74915636,143.0,285.0,0.85364187
guy3_chair079.jpg,146.0,117.0,0.5303195,152.0,111.0,0.7492813,142.0,111.0,0.6247872,162.0,111.0,0.8189082,140.0,111.0,0.7232724,173.0,125.0,0.48544833,134.0,126.0,0.66122556,180.0,94.0,0.85669255,118.0,97.0,0.670293,178.0,64.0,0.46411362,112.0,61.0,0.44275457,167.0,198.0,0.77091676,143.0,197.0,0.776526,152.0,252.0,0.59559125,134.0,249.0,0.7719629,159.0,288.0,0.82799184,144.0,281.0,0.83447427
guy3_chair079_flipped.jpg,153.0,116.0,0.71216,156.0,111.0,0.5582473,147.0,111.0,0.8316263,158.0,111.0,0.8017798,138.0,112.0,0.8105875,165.0,126.0,0.7571675,126.0,126.0,0.7553185,182.0,96.0,0.77937096,120.0,94.0,0.8322822,186.0,69.0,0.76442,125.0,70.0,0.13321042,155.0,196.0,0.7341609,131.0,197.0,0.8372051,166.0,247.0,0.92646444,146.0,249.0,0.90520537,155.0,278.0,0.7669538,142.0,285.0,0.83489215
guy3_chair080.jpg,144.0,118.0,0.74565524,150.0,113.0,0.7002871,141.0,112.0,0.6389448,161.0,112.0,0.713248,140.0,112.0,0.551843,172.0,126.0,0.6542911,134.0,128.0,0.6052463,180.0,96.0,0.8196158,117.0,97.0,0.7602904,175.0,67.0,0.38244486,113.0,64.0,0.31022543,168.0,198.0,0.8470986,143.0,198.0,0.8049318,152.0,250.0,0.89437026,132.0,249.0,0.77271223,158.0,286.0,0.859478,144.0,280.0,0.67112267
guy3_chair080_flipped.jpg,155.0,119.0,0.73275363,158.0,113.0,0.71247745,149.0,113.0,0.7768486,159.0,112.0,0.6604792,139.0,113.0,0.6304734,166.0,128.0,0.749048,127.0,127.0,0.67712617,184.0,98.0,0.78137445,120.0,96.0,0.80838174,187.0,68.0,0.8018322,125.0,70.0,0.39624983,155.0,196.0,0.84759456,132.0,198.0,0.8554891,168.0,247.0,0.88045794,147.0,249.0,0.8778325,156.0,279.0,0.8566059,142.0,286.0,0.88647616
guy3_chair081.jpg,143.0,120.0,0.65644836,149.0,114.0,0.8171169,139.0,114.0,0.69068587,160.0,114.0,0.7535144,139.0,114.0,0.51861054,171.0,127.0,0.7430822,133.0,129.0,0.6547334,179.0,97.0,0.83321005,114.0,98.0,0.64269435,172.0,65.0,0.3189034,111.0,66.0,0.38779008,168.0,198.0,0.8457234,144.0,198.0,0.82341945,151.0,250.0,0.8877652,131.0,249.0,0.71240234,159.0,285.0,0.86122894,145.0,278.0,0.7602035
guy3_chair081_flipped.jpg,156.0,120.0,0.5391338,159.0,114.0,0.68295765,150.0,114.0,0.82286584,159.0,113.0,0.70300895,140.0,114.0,0.71858215,169.0,127.0,0.7352803,127.0,127.0,0.8303021,185.0,98.0,0.7541686,121.0,96.0,0.8751475,188.0,70.0,0.6540372,126.0,72.0,0.2956856,155.0,196.0,0.71304333,131.0,198.0,0.85917455,168.0,247.0,0.8892322,148.0,250.0,0.8586778,156.0,278.0,0.8620155,142.0,283.0,0.858187
guy3_chair082.jpg,142.0,121.0,0.72937936,147.0,115.0,0.6946228,139.0,115.0,0.5388767,159.0,115.0,0.7035074,139.0,115.0,0.524083,171.0,129.0,0.82665366,132.0,131.0,0.6120745,178.0,98.0,0.70829433,113.0,99.0,0.81688493,173.0,72.0,0.42386168,111.0,72.0,0.38964993,169.0,198.0,0.8207405,144.0,198.0,0.8027549,151.0,248.0,0.8322071,131.0,248.0,0.72959983,159.0,283.0,0.8866982,144.0,277.0,0.74913466
guy3_chair082_flipped.jpg,158.0,121.0,0.78543663,160.0,115.0,0.46267223,152.0,115.0,0.6640483,160.0,115.0,0.55546045,142.0,115.0,0.7723706,168.0,130.0,0.6989337,128.0,128.0,0.83343995,187.0,98.0,0.6708556,123.0,96.0,0.8231542,190.0,70.0,0.64059365,128.0,70.0,0.47395778,155.0,197.0,0.87089854,131.0,199.0,0.8628906,169.0,247.0,0.94632685,147.0,248.0,0.8704122,157.0,278.0,0.82431275,142.0,282.0,0.86001414
guy3_chair083.jpg,141.0,122.0,0.593964,147.0,116.0,0.9091213,139.0,116.0,0.8504772,159.0,116.0,0.8936489,139.0,116.0,0.7985688,170.0,130.0,0.8755321,133.0,131.0,0.59496325,177.0,100.0,0.7687876,113.0,99.0,0.7715299,172.0,75.0,0.6193738,109.0,75.0,0.640514,171.0,197.0,0.82413787,148.0,198.0,0.81787103,151.0,248.0,0.839232,131.0,247.0,0.8877335,158.0,282.0,0.83256006,143.0,278.0,0.7006968
guy3_chair083_flipped.jpg,159.0,122.0,0.63966405,161.0,116.0,0.56879264,154.0,117.0,0.5622177,160.0,116.0,0.466413,142.0,117.0,0.45876586,168.0,131.0,0.68574035,129.0,130.0,0.7442143,187.0,100.0,0.61695725,124.0,100.0,0.6781781,191.0,73.0,0.54409766,129.0,72.0,0.2830645,154.0,198.0,0.7816196,131.0,200.0,0.8714672,170.0,245.0,0.92071754,149.0,247.0,0.88032943,157.0,277.0,0.82913315,142.0,281.0,0.83816695
guy3_chair084.jpg,140.0,123.0,0.7891656,145.0,118.0,0.55257976,137.0,117.0,0.5103324,158.0,118.0,0.7240411,138.0,117.0,0.5463939,169.0,131.0,0.7484355,132.0,132.0,0.57191515,175.0,101.0,0.74767715,111.0,101.0,0.81349826,170.0,73.0,0.5774027,107.0,74.0,0.19545442,170.0,199.0,0.8188454,146.0,198.0,0.81402385,149.0,247.0,0.8990844,129.0,246.0,0.8131635,158.0,282.0,0.8474819,143.0,277.0,0.7844887
guy3_chair084_flipped.jpg,160.0,124.0,0.74496067,162.0,118.0,0.5834975,155.0,118.0,0.6114085,161.0,118.0,0.6224106,143.0,118.0,0.58880556,168.0,132.0,0.7137917,130.0,130.0,0.59223634,188.0,102.0,0.71804035,124.0,102.0,0.81639993,193.0,72.0,0.542806,132.0,72.0,0.55730474,154.0,199.0,0.7507599,130.0,201.0,0.8566482,170.0,244.0,0.8699855,149.0,246.0,0.586811,158.0,276.0,0.8692826,142.0,281.0,0.81066155
guy3_chair085.jpg,138.0,125.0,0.65229106,144.0,119.0,0.8694485,135.0,119.0,0.7615274,156.0,119.0,0.8711464,136.0,118.0,0.7008971,168.0,130.0,0.8497943,131.0,133.0,0.69214153,173.0,101.0,0.77414715,110.0,103.0,0.6957605,168.0,75.0,0.42194223,105.0,72.0,0.18093482,171.0,199.0,0.851805,147.0,199.0,0.7944853,149.0,247.0,0.8554044,129.0,244.0,0.8535625,158.0,282.0,0.76806426,142.0,275.0,0.74737203
guy3_chair085_flipped.jpg,161.0,124.0,0.52946955,163.0,118.0,0.62092173,155.0,119.0,0.73322487,162.0,118.0,0.4184448,144.0,119.0,0.7655574,168.0,134.0,0.7986542,130.0,131.0,0.605018,190.0,101.0,0.5516516,127.0,103.0,0.6529002,194.0,74.0,0.34886125,133.0,74.0,0.1565707,153.0,199.0,0.7781758,129.0,201.0,0.8692367,171.0,243.0,0.9339604,149.0,244.0,0.72988087,158.0,276.0,0.8348428,142.0,280.0,0.8357833
guy3_chair086.jpg,137.0,126.0,0.7429733,142.0,120.0,0.79556847,135.0,120.0,0.7732437,155.0,120.0,0.7680566,137.0,119.0,0.6884496,167.0,132.0,0.6934391,132.0,135.0,0.6263345,171.0,102.0,0.7251153,109.0,101.0,0.887055,166.0,76.0,0.6625116,105.0,76.0,0.40851963,172.0,199.0,0.8945641,150.0,199.0,0.8795808,149.0,245.0,0.8245102,129.0,244.0,0.9286772,157.0,279.0,0.7402023,143.0,273.0,0.71497416
guy3_chair086_flipped.jpg,163.0,125.0,0.7662145,164.0,119.0,0.4549514,157.0,120.0,0.6142887,161.0,119.0,0.5392841,145.0,120.0,0.59952676,168.0,135.0,0.74707925,131.0,132.0,0.80442256,191.0,102.0,0.66707325,128.0,105.0,0.7585126,196.0,78.0,0.596815,134.0,77.0,0.35454604,152.0,198.0,0.7888583,128.0,199.0,0.851494,172.0,241.0,0.91256005,149.0,244.0,0.8125747,156.0,274.0,0.83727694,142.0,279.0,0.8686234
guy3_chair087.jpg,135.0,126.0,0.7969635,141.0,121.0,0.75630903,133.0,120.0,0.6419002,153.0,120.0,0.7817579,136.0,118.0,0.5665711,166.0,131.0,0.85884064,131.0,133.0,0.6921266,170.0,102.0,0.8319521,109.0,102.0,0.7648058,164.0,78.0,0.45779607,103.0,78.0,0.57950413,173.0,200.0,0.8856421,152.0,199.0,0.8453949,148.0,243.0,0.9183675,128.0,240.0,0.85630524,158.0,278.0,0.86626846,144.0,273.0,0.72180295
guy3_chair087_flipped.jpg,164.0,126.0,0.7637296,166.0,120.0,0.5647447,158.0,120.0,0.4799032,163.0,119.0,0.40349835,147.0,120.0,0.7660086,169.0,135.0,0.8167625,132.0,133.0,0.8486856,193.0,102.0,0.7746181,130.0,104.0,0.81694,199.0,79.0,0.2801442,136.0,78.0,0.18347305,151.0,198.0,0.8120443,127.0,199.0,0.84574604,173.0,237.0,0.9311118,150.0,242.0,0.93702143,156.0,274.0,0.74347734,142.0,279.0,0.8770099
guy3_chair088.jpg,134.0,127.0,0.7436786,140.0,122.0,0.79055494,132.0,121.0,0.71115005,153.0,121.0,0.6653394,135.0,120.0,0.5582839,165.0,133.0,0.81593645,129.0,135.0,0.6505879,169.0,105.0,0.69670933,108.0,105.0,0.7377548,163.0,80.0,0.30404493,102.0,81.0,0.48518306,173.0,199.0,0.8755734,151.0,198.0,0.75094706,149.0,242.0,0.8775259,128.0,239.0,0.91277516,157.0,276.0,0.8302753,143.0,271.0,0.7792519
guy3_chair088_flipped.jpg,164.0,126.0,0.6957637,166.0,120.0,0.6832274,159.0,120.0,0.7561171,164.0,119.0,0.6739334,147.0,120.0,0.7373712,169.0,134.0,0.61968315,133.0,132.0,0.83465147,193.0,102.0,0.669875,131.0,103.0,0.7208905,198.0,80.0,0.5310638,138.0,79.0,0.2191769,151.0,196.0,0.77178395,127.0,198.0,0.8580927,172.0,236.0,0.88565075,151.0,241.0,0.8981736,157.0,270.0,0.62563246,142.0,274.0,0.86768085
guy3_chair089.jpg,134.0,126.0,0.78253454,139.0,121.0,0.6773695,132.0,121.0,0.6191397,152.0,121.0,0.8059112,135.0,120.0,0.6311959,166.0,132.0,0.75874746,129.0,134.0,0.7269287,167.0,102.0,0.6172702,108.0,104.0,0.565429,160.0,79.0,0.2319277,101.0,79.0,0.25922367,175.0,199.0,0.89778066,151.0,198.0,0.8267349,149.0,239.0,0.66301405,127.0,236.0,0.87606376,158.0,276.0,0.8544828,143.0,272.0,0.7510631
guy3_chair089_flipped.jpg,166.0,127.0,0.70112735,168.0,121.0,0.78825927,160.0,121.0,0.84898543,164.0,121.0,0.6392859,148.0,121.0,0.8337947,169.0,135.0,0.70018524,134.0,132.0,0.8158235,194.0,102.0,0.7992784,133.0,104.0,0.74481046,198.0,75.0,0.5234364,141.0,77.0,0.42045707,151.0,196.0,0.7897434,126.0,198.0,0.8580302,174.0,234.0,0.8879477,151.0,239.0,0.92240196,157.0,271.0,0.6101597,143.0,274.0,0.8386375
guy3_chair090.jpg,132.0,127.0,0.6960536,138.0,122.0,0.8677919,130.0,121.0,0.80820197,151.0,122.0,0.8494757,134.0,121.0,0.70884585,164.0,134.0,0.8578248,128.0,135.0,0.7544434,165.0,102.0,0.7902819,107.0,105.0,0.78349304,156.0,78.0,0.4923449,99.0,79.0,0.35723454,175.0,197.0,0.85642076,151.0,196.0,0.8840181,147.0,238.0,0.8070993,126.0,234.0,0.9172773,157.0,275.0,0.87688905,143.0,271.0,0.8040032
guy3_chair090_flipped.jpg,166.0,127.0,0.73955756,168.0,121.0,0.68276817,161.0,121.0,0.7329973,165.0,120.0,0.61486566,149.0,121.0,0.81724846,169.0,136.0,0.7909026,134.0,132.0,0.8789189,195.0,102.0,0.7519437,135.0,102.0,0.74667084,202.0,78.0,0.68426067,142.0,78.0,0.4487528,149.0,196.0,0.75988805,125.0,198.0,0.8633617,174.0,233.0,0.81378675,152.0,239.0,0.9386268,156.0,270.0,0.72853494,144.0,274.0,0.8488637
guy3_chair091.jpg,132.0,126.0,0.7350356,137.0,122.0,0.6894479,130.0,121.0,0.61594677,151.0,121.0,0.80016595,134.0,120.0,0.51714855,164.0,133.0,0.77603406,129.0,133.0,0.54361355,162.0,102.0,0.47110054,108.0,104.0,0.5102706,155.0,79.0,0.31276682,99.0,80.0,0.39610654,176.0,197.0,0.87074745,151.0,195.0,0.757212,147.0,236.0,0.91768265,126.0,230.0,0.8698089,157.0,274.0,0.8131759,142.0,270.0,0.73412097
guy3_chair091_flipped.jpg,167.0,126.0,0.57528174,170.0,120.0,0.79990673,162.0,121.0,0.8803014,168.0,120.0,0.5718385,149.0,120.0,0.77492726,171.0,134.0,0.6894648,135.0,131.0,0.84533304,196.0,102.0,0.71508205,138.0,101.0,0.50364923,204.0,77.0,0.68315494,146.0,77.0,0.5988264,149.0,194.0,0.7618162,125.0,196.0,0.8777556,175.0,230.0,0.91457546,152.0,236.0,0.87971073,158.0,268.0,0.61970484,144.0,271.0,0.7831126
guy3_chair092.jpg,131.0,126.0,0.6317894,137.0,121.0,0.7169479,129.0,120.0,0.64415395,150.0,121.0,0.82853365,133.0,120.0,0.5487762,164.0,133.0,0.699862,128.0,133.0,0.5575589,160.0,100.0,0.5305886,106.0,105.0,0.56620526,152.0,77.0,0.42551643,98.0,77.0,0.5769062,176.0,196.0,0.8330333,151.0,194.0,0.8490717,147.0,234.0,0.79499835,126.0,229.0,0.7508997,157.0,273.0,0.78482777,142.0,268.0,0.79868364
guy3_chair092_flipped.jpg,168.0,126.0,0.564124,171.0,120.0,0.7212014,163.0,120.0,0.8221253,168.0,119.0,0.6376234,150.0,120.0,0.8426668,171.0,133.0,0.7614889,136.0,130.0,0.8217552,196.0,103.0,0.786164,140.0,100.0,0.46146318,204.0,73.0,0.6288558,149.0,76.0,0.681398,149.0,193.0,0.72025293,126.0,197.0,0.9046885,175.0,228.0,0.8849637,153.0,234.0,0.71099544,157.0,266.0,0.591959,146.0,271.0,0.69473976
guy3_chair093.jpg,130.0,125.0,0.6801183,136.0,120.0,0.8136521,129.0,118.0,0.62542325,150.0,119.0,0.7500198,133.0,117.0,0.7193432,163.0,132.0,0.7643864,128.0,130.0,0.58705956,159.0,103.0,0.65500665,106.0,105.0,0.78556395,150.0,78.0,0.63498783,95.0,78.0,0.6907651,178.0,196.0,0.7995316,154.0,195.0,0.8428367,147.0,232.0,0.84588104,125.0,227.0,0.8768934,156.0,270.0,0.8419801,142.0,266.0,0.81335014
guy3_chair093_flipped.jpg,168.0,125.0,0.7213722,171.0,119.0,0.7577384,163.0,119.0,0.74820626,168.0,118.0,0.6682652,150.0,118.0,0.8374493,171.0,130.0,0.66594577,136.0,129.0,0.8394357,196.0,100.0,0.7973203,141.0,101.0,0.46789598,206.0,75.0,0.7426957,151.0,75.0,0.6219466,148.0,193.0,0.7267411,124.0,195.0,0.88202107,175.0,225.0,0.93056303,154.0,232.0,0.8133508,156.0,265.0,0.6973215,144.0,267.0,0.6544912
guy3_chair094.jpg,130.0,124.0,0.6535154,135.0,119.0,0.6455736,128.0,118.0,0.5781609,149.0,118.0,0.8383732,131.0,117.0,0.6023357,163.0,130.0,0.7103196,126.0,129.0,0.65896815,158.0,101.0,0.53789675,106.0,106.0,0.52030814,147.0,76.0,0.5880765,92.0,74.0,0.2793102,176.0,195.0,0.85182697,152.0,193.0,0.6969489,147.0,228.0,0.6519526,125.0,224.0,0.7968248,157.0,269.0,0.82537997,142.0,265.0,0.7263398
guy3_chair094_flipped.jpg,170.0,124.0,0.6312338,172.0,118.0,0.8435067,164.0,119.0,0.8943136,168.0,117.0,0.62131953,151.0,119.0,0.701965,171.0,130.0,0.6325233,136.0,128.0,0.91536266,197.0,100.0,0.7153846,143.0,102.0,0.6296679,207.0,73.0,0.5111798,153.0,74.0,0.7203668,147.0,192.0,0.75166976,124.0,195.0,0.89221215,175.0,224.0,0.74112666,154.0,230.0,0.8870877,155.0,264.0,0.6287931,145.0,267.0,0.70064044
guy3_chair095.jpg,129.0,124.0,0.7223177,134.0,118.0,0.80009544,127.0,117.0,0.7038549,148.0,117.0,0.80878633,131.0,116.0,0.6081687,163.0,129.0,0.77737933,127.0,129.0,0.5041897,155.0,98.0,0.46591684,102.0,105.0,0.65407825,144.0,75.0,0.48178193,91.0,76.0,0.50908875,177.0,196.0,0.88253754,155.0,194.0,0.6627464,145.0,228.0,0.73152965,125.0,222.0,0.86087334,157.0,266.0,0.80709016,141.0,263.0,0.8091967
guy3_chair095_flipped.jpg,171.0,123.0,0.51372063,174.0,117.0,0.80865,165.0,117.0,0.7943946,171.0,117.0,0.6712378,152.0,116.0,0.84612685,172.0,129.0,0.6717292,137.0,128.0,0.8860848,198.0,102.0,0.7893864,144.0,104.0,0.6635872,209.0,75.0,0.5623169,156.0,74.0,0.7318451,146.0,191.0,0.7583606,123.0,194.0,0.9068307,176.0,221.0,0.8671758,155.0,229.0,0.86042213,157.0,261.0,0.5610576,145.0,266.0,0.6661229
guy3_chair096.jpg,128.0,122.0,0.79147494,134.0,116.0,0.83005446,126.0,115.0,0.72911274,149.0,115.0,0.8439666,131.0,114.0,0.7531073,163.0,128.0,0.7809138,129.0,128.0,0.47264108,154.0,95.0,0.6970268,103.0,103.0,0.7390465,144.0,76.0,0.5538834,91.0,75.0,0.5047295,179.0,194.0,0.8895581,158.0,193.0,0.7984169,146.0,226.0,0.8788043,126.0,221.0,0.8749118,157.0,263.0,0.8809252,142.0,260.0,0.7789141
guy3_chair096_flipped.jpg,171.0,121.0,0.7153989,174.0,115.0,0.8223771,165.0,115.0,0.8352939,171.0,115.0,0.6920712,152.0,115.0,0.866434,171.0,128.0,0.7244366,137.0,126.0,0.88365054,197.0,102.0,0.6005564,146.0,100.0,0.50216174,210.0,73.0,0.71084344,157.0,73.0,0.722388,145.0,190.0,0.86462843,123.0,192.0,0.89391863,175.0,219.0,0.866619,155.0,226.0,0.6762589,157.0,259.0,0.57080483,144.0,264.0,0.684103
guy3_chair097.jpg,128.0,121.0,0.49898496,134.0,115.0,0.82882005,126.0,114.0,0.7552167,148.0,113.0,0.7188587,129.0,114.0,0.4976901,161.0,127.0,0.7123279,125.0,126.0,0.6336173,154.0,100.0,0.44062623,103.0,102.0,0.5802801,140.0,70.0,0.443803,88.0,76.0,0.515763,177.0,192.0,0.7659829,155.0,189.0,0.7647363,145.0,224.0,0.78570664,125.0,219.0,0.6987199,156.0,263.0,0.85063696,141.0,258.0,0.7003801
guy3_chair097_flipped.jpg,172.0,121.0,0.6750717,175.0,115.0,0.84549564,167.0,115.0,0.8580102,172.0,114.0,0.71804404,153.0,113.0,0.64702183,172.0,127.0,0.7152144,140.0,124.0,0.9282054,199.0,104.0,0.55250084,147.0,102.0,0.31909123,212.0,75.0,0.66210604,160.0,71.0,0.6530944,145.0,189.0,0.7331911,123.0,192.0,0.8996055,176.0,218.0,0.861014,157.0,225.0,0.68958545,157.0,258.0,0.70454824,145.0,263.0,0.7333007
guy3_chair098.jpg,127.0,120.0,0.76801246,132.0,114.0,0.7737694,125.0,114.0,0.7681492,146.0,112.0,0.6268894,129.0,113.0,0.6939856,160.0,125.0,0.8338173,127.0,126.0,0.616955,150.0,95.0,0.51028484,101.0,102.0,0.8589585,136.0,69.0,0.23588867,86.0,74.0,0.60535794,179.0,193.0,0.85913867,159.0,191.0,0.8384482,143.0,223.0,0.82117814,125.0,219.0,0.73514557,155.0,259.0,0.82886624,141.0,256.0,0.813626
guy3_chair098_flipped.jpg,172.0,119.0,0.7071924,175.0,112.0,0.7995351,166.0,113.0,0.882816,171.0,111.0,0.62925744,153.0,111.0,0.7237269,172.0,124.0,0.8422313,139.0,123.0,0.93642914,200.0,100.0,0.72663724,150.0,91.0,0.51030254,214.0,70.0,0.5972353,162.0,70.0,0.4451012,143.0,187.0,0.7970047,122.0,190.0,0.89226687,176.0,216.0,0.89738286,157.0,222.0,0.7507253,156.0,256.0,0.6334038,144.0,260.0,0.8216653
guy3_chair099.jpg,126.0,117.0,0.77845466,133.0,111.0,0.7867062,124.0,111.0,0.79700446,147.0,110.0,0.8587554,130.0,110.0,0.6709642,160.0,124.0,0.8833213,128.0,125.0,0.48158556,150.0,94.0,0.5860846,101.0,101.0,0.7948885,137.0,71.0,0.4633438,87.0,73.0,0.5641688,180.0,192.0,0.88437676,159.0,189.0,0.76854086,142.0,219.0,0.8408615,125.0,216.0,0.69411075,157.0,259.0,0.9056143,142.0,255.0,0.7790298
guy3_chair099_flipped.jpg,172.0,117.0,0.7018243,175.0,111.0,0.7427101,167.0,111.0,0.8366493,171.0,110.0,0.6067578,153.0,110.0,0.6801856,172.0,123.0,0.8079761,139.0,122.0,0.9278968,200.0,100.0,0.6551999,151.0,94.0,0.41736987,214.0,71.0,0.63063574,163.0,69.0,0.59148085,143.0,187.0,0.77656615,122.0,189.0,0.89021426,176.0,214.0,0.81971073,157.0,220.0,0.8764961,157.0,254.0,0.5855564,145.0,259.0,0.83665866
guy3_chair100.jpg,126.0,114.0,0.5756959,131.0,109.0,0.6073258,123.0,109.0,0.3084895,144.0,108.0,0.73995954,127.0,109.0,0.22420602,156.0,123.0,0.58562744,127.0,124.0,0.5050044,149.0,92.0,0.2750751,101.0,98.0,0.6113377,135.0,67.0,0.3154776,86.0,71.0,0.4980873,175.0,188.0,0.77349234,155.0,186.0,0.54223263,144.0,218.0,0.81819546,125.0,212.0,0.59895825,155.0,258.0,0.5388149,141.0,254.0,0.48330355
guy3_chair100_flipped.jpg,173.0,115.0,0.74958724,175.0,109.0,0.6990191,168.0,109.0,0.7605862,171.0,109.0,0.70996684,155.0,108.0,0.8555177,172.0,121.0,0.69217277,140.0,120.0,0.73805535,198.0,100.0,0.7026062,152.0,96.0,0.48181444,215.0,70.0,0.5304787,164.0,66.0,0.73575014,143.0,185.0,0.73452497,122.0,188.0,0.76296294,176.0,213.0,0.9111476,158.0,219.0,0.9012721,157.0,253.0,0.6652676,145.0,257.0,0.8291226
guy3_chair101.jpg,126.0,113.0,0.78077054,131.0,107.0,0.60734105,125.0,107.0,0.69996387,144.0,106.0,0.7776327,130.0,107.0,0.7091817,159.0,121.0,0.87317693,130.0,123.0,0.5010755,149.0,92.0,0.7914449,103.0,98.0,0.6587757,133.0,63.0,0.49803874,85.0,66.0,0.6189259,180.0,189.0,0.89373654,162.0,187.0,0.7511708,144.0,217.0,0.72191316,125.0,213.0,0.73793644,156.0,255.0,0.88332325,143.0,253.0,0.5601988
guy3_chair101_flipped.jpg,173.0,113.0,0.7593123,175.0,107.0,0.6914251,168.0,107.0,0.7828533,170.0,106.0,0.65711117,155.0,106.0,0.52205133,171.0,120.0,0.64272547,141.0,118.0,0.92661554,198.0,97.0,0.47420615,154.0,89.0,0.49714172,213.0,69.0,0.65274733,166.0,64.0,0.5999135,142.0,184.0,0.7660109,122.0,186.0,0.77019835,176.0,210.0,0.89245963,158.0,216.0,0.8892982,157.0,253.0,0.6385851,145.0,257.0,0.87477124
guy3_chair102.jpg,126.0,111.0,0.67326796,132.0,106.0,0.72369194,124.0,106.0,0.702881,145.0,105.0,0.71930397,128.0,105.0,0.54314655,158.0,117.0,0.6000538,126.0,119.0,0.54965675,145.0,84.0,0.44116268,102.0,95.0,0.60578334,135.0,67.0,0.27665314,86.0,66.0,0.4380631,178.0,185.0,0.87273216,157.0,183.0,0.6812477,143.0,214.0,0.8327503,124.0,208.0,0.5895198,157.0,255.0,0.8014281,142.0,251.0,0.72051847
guy3_chair102_flipped.jpg,174.0,111.0,0.7633456,175.0,106.0,0.7016461,168.0,106.0,0.78836197,170.0,104.0,0.4447921,156.0,104.0,0.714092,171.0,119.0,0.67325544,141.0,115.0,0.89379823,199.0,95.0,0.6488824,158.0,80.0,0.60981345,216.0,65.0,0.5461867,166.0,62.0,0.47246534,142.0,182.0,0.7942811,120.0,184.0,0.73015964,177.0,208.0,0.76237,158.0,215.0,0.8432559,157.0,251.0,0.7253649,146.0,254.0,0.8307386
guy3_chair103.jpg,126.0,109.0,0.7467537,132.0,103.0,0.75518286,124.0,104.0,0.72524697,145.0,102.0,0.7284092,129.0,102.0,0.5413132,158.0,116.0,0.5383158,127.0,117.0,0.6139524,146.0,84.0,0.58134127,103.0,94.0,0.6174506,132.0,63.0,0.34694427,86.0,63.0,0.5526447,180.0,185.0,0.847923,159.0,182.0,0.69490355,142.0,212.0,0.80172205,124.0,207.0,0.65542364,157.0,253.0,0.911345,142.0,249.0,0.6695413
guy3_chair103_flipped.jpg,174.0,110.0,0.7309934,175.0,104.0,0.7307033,169.0,104.0,0.8117402,169.0,103.0,0.55812275,156.0,102.0,0.6391585,171.0,117.0,0.6786239,141.0,115.0,0.9335589,197.0,94.0,0.5637554,156.0,88.0,0.58554757,215.0,62.0,0.65674293,166.0,61.0,0.67133266,141.0,180.0,0.66101694,120.0,183.0,0.7161721,176.0,206.0,0.8077816,159.0,212.0,0.8617575,156.0,249.0,0.63353324,146.0,252.0,0.86789507
guy3_chair104.jpg,126.0,108.0,0.63980067,131.0,102.0,0.71732384,124.0,102.0,0.7174324,144.0,100.0,0.7896119,130.0,102.0,0.5983677,158.0,115.0,0.7686381,130.0,116.0,0.4906923,147.0,87.0,0.58640957,102.0,92.0,0.56198764,131.0,58.0,0.5701866,86.0,61.0,0.5607158,181.0,183.0,0.8537246,161.0,182.0,0.77478254,143.0,210.0,0.82505214,124.0,207.0,0.6858699,156.0,249.0,0.87566507,142.0,247.0,0.8459752
guy3_chair104_flipped.jpg,174.0,108.0,0.6891571,175.0,102.0,0.8351352,168.0,103.0,0.85495496,169.0,101.0,0.6516824,156.0,101.0,0.79528475,170.0,115.0,0.68019027,141.0,112.0,0.9356164,196.0,94.0,0.52629673,155.0,87.0,0.6336458,213.0,64.0,0.6338917,166.0,59.0,0.8706228,140.0,179.0,0.80880034,120.0,181.0,0.8017882,175.0,205.0,0.8349049,158.0,211.0,0.79679877,157.0,247.0,0.81591886,144.0,251.0,0.7207966
guy3_chair105.jpg,126.0,106.0,0.82585794,130.0,101.0,0.65224135,125.0,100.0,0.719165,143.0,100.0,0.753153,131.0,100.0,0.6987159,158.0,113.0,0.7710426,131.0,116.0,0.49776593,146.0,83.0,0.73392224,104.0,92.0,0.77949476,132.0,58.0,0.72963065,87.0,62.0,0.7000691,181.0,183.0,0.81116134,163.0,180.0,0.6991365,143.0,209.0,0.7818808,125.0,206.0,0.76869744,157.0,248.0,0.8794705,142.0,246.0,0.8589016
guy3_chair105_flipped.jpg,173.0,107.0,0.4873632,175.0,101.0,0.8508963,168.0,101.0,0.8088104,169.0,100.0,0.60722864,156.0,99.0,0.79179126,169.0,116.0,0.57174754,141.0,113.0,0.79408693,196.0,94.0,0.6593934,154.0,85.0,0.6471244,212.0,65.0,0.77997345,166.0,61.0,0.842015,139.0,179.0,0.706039,119.0,181.0,0.78331536,176.0,204.0,0.82582533,159.0,209.0,0.8572904,156.0,247.0,0.78991497,144.0,250.0,0.7184968
guy3_chair106.jpg,127.0,104.0,0.67663264,132.0,99.0,0.6675335,125.0,99.0,0.7757463,144.0,98.0,0.6322168,130.0,98.0,0.7889831,158.0,111.0,0.5493093,131.0,114.0,0.5877706,145.0,81.0,0.6336384,105.0,91.0,0.71473336,129.0,55.0,0.3663687,90.0,63.0,0.50471705,181.0,181.0,0.85004526,163.0,178.0,0.7684041,142.0,206.0,0.81358993,126.0,202.0,0.82783234,156.0,245.0,0.6622994,142.0,244.0,0.9117611
guy3_chair106_flipped.jpg,174.0,105.0,0.5875008,174.0,99.0,0.859953,169.0,99.0,0.80065966,167.0,99.0,0.67486024,156.0,98.0,0.5647321,169.0,114.0,0.5721058,141.0,110.0,0.7137257,195.0,93.0,0.63219047,156.0,83.0,0.5910287,210.0,64.0,0.6731578,168.0,56.0,0.60486495,138.0,177.0,0.64294434,118.0,179.0,0.79778033,175.0,201.0,0.8689299,159.0,206.0,0.8161583,156.0,246.0,0.76481193,143.0,248.0,0.73240197
guy3_chair107.jpg,127.0,103.0,0.74784285,131.0,98.0,0.75613,125.0,98.0,0.5648426,143.0,97.0,0.8238778,130.0,97.0,0.49114096,156.0,108.0,0.7005241,129.0,111.0,0.5179727,143.0,77.0,0.58188486,106.0,91.0,0.61241126,128.0,53.0,0.38906932,87.0,59.0,0.44744182,182.0,179.0,0.70421994,161.0,177.0,0.6326698,142.0,204.0,0.7836327,126.0,202.0,0.8051075,156.0,244.0,0.6993928,143.0,243.0,0.90898997
guy3_chair107_flipped.jpg,173.0,104.0,0.7958198,174.0,98.0,0.75698054,168.0,97.0,0.71008897,166.0,97.0,0.58989805,156.0,97.0,0.6603682,168.0,111.0,0.67946863,140.0,109.0,0.9324267,194.0,92.0,0.6803187,157.0,81.0,0.64414924,210.0,60.0,0.6429997,167.0,56.0,0.6802334,137.0,176.0,0.57928324,117.0,178.0,0.7547946,174.0,200.0,0.8621911,159.0,205.0,0.6463346,155.0,244.0,0.810037,143.0,247.0,0.7950231
guy3_chair108.jpg,126.0,101.0,0.66027415,131.0,96.0,0.8721631,125.0,95.0,0.70468646,144.0,95.0,0.8501401,132.0,94.0,0.81800395,157.0,109.0,0.74760497,133.0,109.0,0.54469866,143.0,77.0,0.6684081,106.0,89.0,0.8279241,127.0,50.0,0.48063037,87.0,58.0,0.5953544,182.0,180.0,0.8488786,165.0,177.0,0.7595867,141.0,203.0,0.87978446,126.0,201.0,0.80318475,156.0,243.0,0.8412918,144.0,240.0,0.68850756
guy3_chair108_flipped.jpg,173.0,101.0,0.641534,174.0,96.0,0.84470886,168.0,95.0,0.8004309,167.0,95.0,0.6013577,156.0,94.0,0.7150286,168.0,109.0,0.6981671,141.0,106.0,0.72120214,194.0,91.0,0.71419126,157.0,79.0,0.5010133,212.0,60.0,0.6862531,171.0,51.0,0.62282825,136.0,174.0,0.6396588,117.0,176.0,0.8100552,174.0,199.0,0.82621384,158.0,203.0,0.6160873,155.0,243.0,0.7402283,142.0,246.0,0.7645967
guy3_chair109.jpg,127.0,100.0,0.75455105,131.0,95.0,0.79771584,126.0,94.0,0.7442448,144.0,94.0,0.7118336,133.0,94.0,0.66940075,158.0,107.0,0.79541236,133.0,110.0,0.6521203,144.0,77.0,0.5872673,108.0,88.0,0.6456274,127.0,51.0,0.65977716,89.0,58.0,0.6448897,183.0,177.0,0.7115919,166.0,175.0,0.70254576,143.0,201.0,0.7706772,127.0,198.0,0.8316388,157.0,241.0,0.8058367,145.0,238.0,0.88676256
guy3_chair109_flipped.jpg,173.0,101.0,0.75524974,173.0,95.0,0.7537118,168.0,95.0,0.9059899,166.0,94.0,0.62629473,156.0,93.0,0.76345277,168.0,108.0,0.77225715,140.0,106.0,0.7807972,193.0,90.0,0.7443371,154.0,85.0,0.3251551,210.0,60.0,0.83428895,170.0,52.0,0.7945597,135.0,173.0,0.70018804,116.0,175.0,0.83137107,174.0,197.0,0.71558183,158.0,201.0,0.54218745,154.0,241.0,0.8251816,143.0,244.0,0.84034425
guy3_chair110.jpg,127.0,99.0,0.75660706,132.0,94.0,0.73922276,126.0,93.0,0.6303687,144.0,94.0,0.717153,133.0,93.0,0.7194072,157.0,105.0,0.5995647,133.0,108.0,0.59692836,145.0,77.0,0.58510983,108.0,87.0,0.52593255,127.0,50.0,0.5933536,89.0,58.0,0.6076498,182.0,177.0,0.75736237,166.0,174.0,0.7314898,142.0,200.0,0.84556484,127.0,198.0,0.73126864,157.0,239.0,0.8272593,144.0,237.0,0.79697955
guy3_chair110_flipped.jpg,171.0,100.0,0.4345152,173.0,95.0,0.5698401,167.0,94.0,0.41731462,168.0,94.0,0.254483,156.0,92.0,0.53451836,167.0,107.0,0.64519334,142.0,104.0,0.66722715,192.0,90.0,0.3202446,156.0,81.0,0.19263716,210.0,57.0,0.61863023,169.0,51.0,0.58599085,135.0,173.0,0.5753059,117.0,175.0,0.71855557,172.0,197.0,0.8135597,158.0,202.0,0.69342095,153.0,240.0,0.5722575,141.0,244.0,0.7141615
guy3_chair111.jpg,127.0,98.0,0.6851429,132.0,93.0,0.7428545,126.0,93.0,0.68641144,145.0,93.0,0.7251458,133.0,93.0,0.48572737,157.0,104.0,0.605803,133.0,109.0,0.4877131,146.0,79.0,0.4435942,107.0,86.0,0.31761748,130.0,49.0,0.36775464,91.0,58.0,0.38875535,182.0,174.0,0.7064408,164.0,171.0,0.795908,143.0,198.0,0.78199923,127.0,195.0,0.6876236,157.0,239.0,0.7883724,144.0,236.0,0.82709897
guy3_chair111_flipped.jpg,171.0,98.0,0.6370409,172.0,92.0,0.57060826,167.0,92.0,0.82923913,167.0,91.0,0.5754326,155.0,90.0,0.73896396,166.0,106.0,0.7374267,142.0,102.0,0.8268126,192.0,88.0,0.39107144,154.0,78.0,0.4885301,209.0,57.0,0.66840255,170.0,50.0,0.81229603,134.0,171.0,0.59005964,115.0,173.0,0.81206876,173.0,194.0,0.85900724,158.0,198.0,0.6772709,153.0,238.0,0.758893,142.0,242.0,0.7865132
guy3_chair112.jpg,128.0,97.0,0.7350944,132.0,91.0,0.76845205,127.0,92.0,0.8314632,145.0,90.0,0.65636873,135.0,92.0,0.57230246,159.0,103.0,0.77985823,136.0,107.0,0.6711122,145.0,77.0,0.62990665,110.0,87.0,0.4113842,129.0,48.0,0.52483857,95.0,58.0,0.38011447,184.0,174.0,0.82335687,167.0,172.0,0.62509453,144.0,197.0,0.75497735,129.0,195.0,0.66129804,159.0,237.0,0.71067536,146.0,235.0,0.870695
guy3_chair112_flipped.jpg,171.0,97.0,0.572204,172.0,92.0,0.65119207,167.0,91.0,0.70967156,168.0,92.0,0.3570483,155.0,90.0,0.60742354,166.0,105.0,0.48713917,141.0,103.0,0.53662956,192.0,84.0,0.30902368,156.0,78.0,0.26798418,209.0,55.0,0.6139665,169.0,50.0,0.5094663,133.0,169.0,0.57966155,116.0,172.0,0.6236222,171.0,194.0,0.79025674,157.0,197.0,0.5140213,152.0,238.0,0.6147666,140.0,242.0,0.6912861
guy3_chair113.jpg,129.0,96.0,0.64506686,134.0,90.0,0.7447803,127.0,90.0,0.55859476,145.0,89.0,0.44857344,133.0,90.0,0.3980817,158.0,103.0,0.74228084,133.0,105.0,0.63981926,144.0,73.0,0.6317767,107.0,83.0,0.35785532,128.0,50.0,0.4344137,92.0,54.0,0.5067854,186.0,176.0,0.87041414,168.0,174.0,0.74687076,145.0,197.0,0.800961,129.0,194.0,0.4974622,161.0,238.0,0.77421063,147.0,236.0,0.70264626
guy3_chair113_flipped.jpg,170.0,96.0,0.6510843,172.0,91.0,0.46619225,167.0,91.0,0.7332791,168.0,91.0,0.22544767,155.0,88.0,0.61054826,163.0,106.0,0.56345224,141.0,103.0,0.48349634,190.0,84.0,0.45718554,155.0,74.0,0.3243591,207.0,56.0,0.55742,169.0,49.0,0.5211595,133.0,168.0,0.5647727,115.0,171.0,0.76257664,170.0,192.0,0.7602396,156.0,196.0,0.58250666,151.0,236.0,0.54642135,139.0,239.0,0.72607327
guy3_chair114.jpg,129.0,96.0,0.63243985,134.0,91.0,0.65044343,129.0,90.0,0.52535576,147.0,90.0,0.6548041,137.0,90.0,0.48927835,161.0,103.0,0.7366576,137.0,105.0,0.6114263,147.0,75.0,0.5807611,110.0,85.0,0.48406455,129.0,48.0,0.58038825,95.0,58.0,0.2813303,187.0,174.0,0.8971419,169.0,172.0,0.76530635,145.0,195.0,0.8070438,129.0,193.0,0.64453757,160.0,236.0,0.8099841,147.0,234.0,0.89436805
guy3_chair114_flipped.jpg,170.0,96.0,0.6129082,171.0,91.0,0.6671338,167.0,91.0,0.7050711,167.0,91.0,0.28026125,155.0,89.0,0.43123394,162.0,105.0,0.4976037,140.0,103.0,0.5868312,189.0,86.0,0.3308831,156.0,73.0,0.322454,207.0,55.0,0.4347144,169.0,49.0,0.5561687,131.0,168.0,0.47587645,114.0,171.0,0.6945639,169.0,191.0,0.8314585,155.0,195.0,0.47109628,151.0,236.0,0.5610986,139.0,239.0,0.6242268
guy3_chair115.jpg,131.0,95.0,0.66726184,135.0,89.0,0.4903113,129.0,90.0,0.49400017,148.0,90.0,0.45948386,136.0,91.0,0.27428845,160.0,103.0,0.5351058,137.0,105.0,0.39582607,148.0,75.0,0.51488477,113.0,85.0,0.25513732,130.0,47.0,0.5713775,95.0,57.0,0.28985316,186.0,172.0,0.8469972,168.0,169.0,0.5338011,146.0,193.0,0.7218096,131.0,192.0,0.61767894,161.0,236.0,0.7547713,148.0,235.0,0.7804477
guy3_chair115_flipped.jpg,169.0,96.0,0.6971283,170.0,91.0,0.6981234,166.0,90.0,0.81645834,162.0,89.0,0.32797974,153.0,88.0,0.51573026,160.0,103.0,0.51390016,139.0,101.0,0.67061645,186.0,85.0,0.31516045,153.0,75.0,0.41487435,205.0,55.0,0.54423845,169.0,47.0,0.5045631,130.0,166.0,0.4498593,112.0,170.0,0.7767403,168.0,191.0,0.86806726,154.0,195.0,0.5727297,150.0,235.0,0.63925034,138.0,238.0,0.60627323
guy3_chair116.jpg,131.0,94.0,0.5848399,136.0,89.0,0.77281106,130.0,89.0,0.56863034,149.0,88.0,0.7287878,137.0,89.0,0.4914013,161.0,101.0,0.55418634,136.0,101.0,0.5485271,146.0,74.0,0.48142675,112.0,82.0,0.50437665,130.0,46.0,0.45811296,95.0,50.0,0.5220599,189.0,172.0,0.8028539,171.0,171.0,0.82167995,146.0,193.0,0.78995043,132.0,191.0,0.6435024,162.0,235.0,0.77763724,149.0,232.0,0.7900895
guy3_chair116_flipped.jpg,168.0,97.0,0.54428816,170.0,91.0,0.76922256,165.0,90.0,0.5139261,165.0,91.0,0.27299213,152.0,87.0,0.3137567,161.0,105.0,0.46416947,138.0,103.0,0.6045562,187.0,83.0,0.50357276,154.0,73.0,0.37318072,205.0,53.0,0.48614353,168.0,47.0,0.42011937,130.0,167.0,0.49224442,112.0,170.0,0.5902504,167.0,189.0,0.82110435,153.0,193.0,0.48371047,149.0,234.0,0.42276046,138.0,237.0,0.64898896
guy3_chair117.jpg,132.0,94.0,0.5546841,137.0,89.0,0.6787896,131.0,89.0,0.41570854,150.0,88.0,0.55008566,137.0,89.0,0.17534117,161.0,103.0,0.5331495,139.0,104.0,0.4058646,150.0,75.0,0.31958088,115.0,83.0,0.39116398,131.0,46.0,0.43995684,98.0,55.0,0.33048818,188.0,171.0,0.59821284,170.0,167.0,0.68065286,149.0,192.0,0.69492733,133.0,190.0,0.52351797,163.0,236.0,0.6721977,150.0,233.0,0.47018754
guy3_chair117_flipped.jpg,167.0,94.0,0.5895524,169.0,90.0,0.6058636,163.0,89.0,0.59109616,164.0,89.0,0.2065568,152.0,86.0,0.5409158,159.0,103.0,0.5037493,138.0,101.0,0.61120653,185.0,83.0,0.4016665,154.0,70.0,0.45933858,203.0,53.0,0.41834223,168.0,46.0,0.3477105,129.0,166.0,0.5596155,111.0,169.0,0.76591885,166.0,188.0,0.8549285,153.0,192.0,0.41172132,148.0,234.0,0.56269014,136.0,237.0,0.59223545
guy3_chair118.jpg,132.0,95.0,0.50694215,137.0,89.0,0.57479095,131.0,90.0,0.6476854,148.0,88.0,0.53493214,138.0,90.0,0.4236658,161.0,101.0,0.5828264,140.0,104.0,0.46921876,148.0,73.0,0.4058869,115.0,84.0,0.35589603,129.0,45.0,0.46577027,97.0,52.0,0.3940293,190.0,170.0,0.8410534,172.0,167.0,0.64965004,147.0,192.0,0.6332355,134.0,190.0,0.6984876,164.0,234.0,0.75983316,151.0,230.0,0.74434876
guy3_chair118_flipped.jpg,166.0,95.0,0.5903893,167.0,91.0,0.62021124,163.0,90.0,0.475721,161.0,90.0,0.33308175,151.0,88.0,0.34390002,157.0,105.0,0.66304433,138.0,101.0,0.6382687,183.0,84.0,0.40102798,152.0,76.0,0.22997177,203.0,53.0,0.63537216,168.0,46.0,0.49719444,127.0,166.0,0.5282094,110.0,169.0,0.58530164,166.0,189.0,0.8325341,152.0,193.0,0.3857262,146.0,234.0,0.5201594,136.0,236.0,0.6223345
guy3_chair119.jpg,132.0,96.0,0.5566154,136.0,90.0,0.5955111,131.0,91.0,0.41002527,149.0,87.0,0.6591599,140.0,90.0,0.6462059,162.0,100.0,0.8030164,142.0,103.0,0.49588874,146.0,71.0,0.4644494,116.0,84.0,0.49358615,129.0,44.0,0.43660948,98.0,51.0,0.39525127,192.0,171.0,0.8089043,176.0,169.0,0.80081856,149.0,192.0,0.80346847,134.0,190.0,0.7988059,165.0,232.0,0.74327934,152.0,230.0,0.851291
guy3_chair119_flipped.jpg,165.0,95.0,0.49379864,167.0,90.0,0.6820611,162.0,89.0,0.6059964,162.0,90.0,0.40328392,150.0,88.0,0.46376407,156.0,105.0,0.48363099,137.0,101.0,0.651515,184.0,83.0,0.416351,151.0,76.0,0.2883887,202.0,52.0,0.6944616,167.0,46.0,0.702609,126.0,164.0,0.4482987,109.0,168.0,0.63410115,165.0,187.0,0.82919675,152.0,191.0,0.37522954,147.0,232.0,0.52341175,136.0,235.0,0.680331
guy3_chair120.jpg,134.0,96.0,0.6260463,138.0,90.0,0.60742724,132.0,90.0,0.5162995,150.0,89.0,0.4945701,141.0,91.0,0.44012266,162.0,100.0,0.5720078,142.0,105.0,0.5105704,150.0,76.0,0.24794333,117.0,84.0,0.38063762,130.0,48.0,0.3610573,98.0,52.0,0.35413116,191.0,169.0,0.8474839,173.0,166.0,0.6320409,149.0,191.0,0.6422503,135.0,190.0,0.64431065,165.0,234.0,0.736918,152.0,230.0,0.8348149
guy3_chair120_flipped.jpg,164.0,96.0,0.44048703,166.0,91.0,0.62687355,161.0,90.0,0.6289818,161.0,91.0,0.32432148,149.0,88.0,0.45368156,154.0,105.0,0.61267805,136.0,101.0,0.6168674,182.0,85.0,0.55702865,152.0,74.0,0.40767422,199.0,56.0,0.47973382,167.0,46.0,0.5934314,125.0,164.0,0.45776343,108.0,169.0,0.62225485,163.0,187.0,0.8008209,150.0,191.0,0.37192175,145.0,232.0,0.5432384,134.0,236.0,0.67810166
guy3_chair121.jpg,135.0,96.0,0.5559008,139.0,90.0,0.6217109,133.0,92.0,0.36844966,150.0,90.0,0.43021032,139.0,93.0,0.30612758,162.0,101.0,0.4169212,143.0,106.0,0.425122,148.0,74.0,0.2626181,119.0,84.0,0.35737833,131.0,48.0,0.30919713,100.0,54.0,0.35349247,191.0,168.0,0.7515277,173.0,164.0,0.6352293,150.0,190.0,0.6587273,137.0,189.0,0.5465096,167.0,234.0,0.5413603,154.0,230.0,0.67365205
guy3_chair121_flipped.jpg,162.0,98.0,0.41293722,164.0,93.0,0.5260986,160.0,92.0,0.56290424,159.0,91.0,0.32734805,149.0,88.0,0.57747567,153.0,105.0,0.63758564,135.0,100.0,0.64078915,180.0,87.0,0.3725587,152.0,73.0,0.39829606,197.0,56.0,0.6249379,165.0,46.0,0.63676995,124.0,165.0,0.577507,108.0,168.0,0.6907531,162.0,187.0,0.7677967,151.0,190.0,0.4070046,144.0,232.0,0.4860838,133.0,237.0,0.57408047
guy3_chair122.jpg,135.0,96.0,0.62488747,139.0,90.0,0.68637365,135.0,90.0,0.6521195,152.0,88.0,0.6393615,144.0,90.0,0.6072203,166.0,100.0,0.71870506,145.0,105.0,0.53546464,148.0,73.0,0.42757496,120.0,84.0,0.50120956,132.0,47.0,0.47625428,101.0,54.0,0.5381156,196.0,171.0,0.8306242,180.0,170.0,0.7881011,150.0,190.0,0.8108084,137.0,189.0,0.81726235,166.0,230.0,0.674057,155.0,230.0,0.87091315
guy3_chair122_flipped.jpg,162.0,98.0,0.58659935,163.0,93.0,0.47967014,159.0,92.0,0.58352804,158.0,92.0,0.30998912,148.0,89.0,0.47725767,154.0,104.0,0.44973,135.0,100.0,0.58981055,180.0,86.0,0.53268456,151.0,72.0,0.42194918,198.0,54.0,0.5516249,166.0,46.0,0.6870563,124.0,166.0,0.59663475,107.0,168.0,0.695438,162.0,187.0,0.74696887,150.0,191.0,0.43827805,143.0,231.0,0.48432088,133.0,234.0,0.6777109
guy3_chair123.jpg,136.0,98.0,0.50421715,139.0,92.0,0.5658039,135.0,93.0,0.7088672,151.0,91.0,0.37604117,143.0,93.0,0.41533676,165.0,102.0,0.52174824,145.0,106.0,0.5119399,151.0,76.0,0.4065498,122.0,87.0,0.4249582,133.0,49.0,0.5167742,103.0,54.0,0.27831987,195.0,170.0,0.9082948,178.0,167.0,0.5388408,151.0,190.0,0.69284207,138.0,190.0,0.7558516,168.0,231.0,0.8362507,155.0,229.0,0.8602709
guy3_chair123_flipped.jpg,161.0,97.0,0.39133975,162.0,92.0,0.63780737,159.0,91.0,0.6031641,158.0,91.0,0.39449453,147.0,88.0,0.5144304,152.0,105.0,0.63552475,133.0,100.0,0.70409864,177.0,88.0,0.32799038,151.0,72.0,0.37732112,196.0,54.0,0.6080712,165.0,48.0,0.45658383,122.0,165.0,0.5724064,106.0,168.0,0.6039479,161.0,188.0,0.6663557,149.0,191.0,0.36068466,142.0,231.0,0.47416225,131.0,234.0,0.64550525
guy3_chair124.jpg,138.0,98.0,0.4859073,141.0,92.0,0.49070466,136.0,93.0,0.5834671,154.0,90.0,0.5161058,143.0,94.0,0.26707843,166.0,102.0,0.5368056,146.0,106.0,0.48570377,151.0,75.0,0.31841412,125.0,88.0,0.37076756,133.0,48.0,0.40658635,104.0,56.0,0.27803782,195.0,170.0,0.673951,179.0,166.0,0.749352,152.0,190.0,0.6075638,139.0,188.0,0.667003,169.0,232.0,0.6798146,157.0,231.0,0.83505774
guy3_chair124_flipped.jpg,161.0,96.0,0.6487014,163.0,91.0,0.52276754,159.0,90.0,0.5825312,159.0,91.0,0.27272418,148.0,88.0,0.56987214,152.0,105.0,0.48815954,133.0,101.0,0.64954007,177.0,83.0,0.49882555,150.0,72.0,0.43236643,196.0,54.0,0.55971944,164.0,49.0,0.68968534,121.0,165.0,0.49121997,104.0,169.0,0.63538116,161.0,187.0,0.815034,148.0,191.0,0.34268054,142.0,232.0,0.5853665,130.0,236.0,0.4265545
guy3_chair125.jpg,138.0,100.0,0.4940772,140.0,93.0,0.5472785,136.0,95.0,0.5467595,152.0,90.0,0.421606,142.0,94.0,0.22483845,166.0,102.0,0.59285533,147.0,107.0,0.51575804,151.0,76.0,0.36767438,126.0,89.0,0.37204456,133.0,48.0,0.35467812,106.0,58.0,0.45564932,195.0,169.0,0.7693851,179.0,166.0,0.66887677,153.0,190.0,0.611089,140.0,189.0,0.62928957,169.0,232.0,0.6541162,157.0,231.0,0.6893022
guy3_chair125_flipped.jpg,159.0,100.0,0.52853,161.0,95.0,0.7078912,157.0,94.0,0.59636426,156.0,93.0,0.27896887,148.0,90.0,0.56173074,150.0,106.0,0.64252007,132.0,101.0,0.6325635,174.0,90.0,0.46121988,149.0,76.0,0.18969397,192.0,60.0,0.6713606,163.0,48.0,0.5259328,119.0,165.0,0.39346537,103.0,169.0,0.6533358,159.0,187.0,0.7693479,148.0,190.0,0.42703032,139.0,232.0,0.5391902,129.0,235.0,0.6375594
guy3_chair126.jpg,140.0,96.0,0.5579891,142.0,91.0,0.70916873,138.0,93.0,0.59803045,153.0,90.0,0.6750027,145.0,94.0,0.43402547,165.0,103.0,0.8168028,149.0,106.0,0.47582185,152.0,77.0,0.4537464,124.0,88.0,0.46069208,133.0,49.0,0.3129499,107.0,57.0,0.41229028,198.0,171.0,0.7747878,182.0,170.0,0.7448232,153.0,190.0,0.8464029,140.0,189.0,0.6965331,170.0,231.0,0.7797569,158.0,229.0,0.7456683
guy3_chair126_flipped.jpg,159.0,101.0,0.44799438,161.0,95.0,0.62450194,157.0,95.0,0.55104125,156.0,94.0,0.3009952,148.0,91.0,0.51060486,150.0,106.0,0.4544311,131.0,102.0,0.6367105,174.0,86.0,0.485845,148.0,77.0,0.33459267,193.0,59.0,0.4964803,162.0,51.0,0.58463746,120.0,166.0,0.52322817,103.0,169.0,0.6597942,158.0,187.0,0.7270562,148.0,190.0,0.44298607,140.0,232.0,0.49502012,129.0,236.0,0.6863322
guy3_chair127.jpg,140.0,97.0,0.53242743,143.0,91.0,0.6982846,139.0,93.0,0.6001123,155.0,90.0,0.6161358,146.0,93.0,0.3311743,167.0,102.0,0.8178102,149.0,106.0,0.43997645,152.0,77.0,0.41770276,126.0,89.0,0.53397256,134.0,51.0,0.34265456,108.0,59.0,0.5434232,199.0,172.0,0.8840084,183.0,171.0,0.8460998,154.0,191.0,0.83171517,141.0,190.0,0.6405871,171.0,232.0,0.8366874,159.0,230.0,0.748618
guy3_chair127_flipped.jpg,158.0,98.0,0.5788747,160.0,93.0,0.44087538,156.0,92.0,0.6432978,155.0,93.0,0.26722178,145.0,89.0,0.35183465,148.0,106.0,0.60235614,131.0,102.0,0.6819721,172.0,91.0,0.3598203,148.0,76.0,0.4822474,191.0,61.0,0.61647904,161.0,51.0,0.5312177,119.0,167.0,0.5371827,103.0,169.0,0.66572845,158.0,188.0,0.77779424,148.0,191.0,0.4501876,137.0,233.0,0.46107697,128.0,236.0,0.69264877
guy3_chair128.jpg,141.0,98.0,0.67476094,144.0,92.0,0.7496552,141.0,93.0,0.7588005,157.0,89.0,0.5778191,148.0,92.0,0.5728058,170.0,103.0,0.6913712,151.0,106.0,0.6905607,153.0,78.0,0.585271,128.0,90.0,0.6151178,137.0,52.0,0.47588193,110.0,60.0,0.5981543,200.0,172.0,0.6868841,184.0,171.0,0.57616067,155.0,191.0,0.84482384,142.0,190.0,0.8580937,171.0,230.0,0.6823945,160.0,229.0,0.88958657
guy3_chair128_flipped.jpg,158.0,99.0,0.59626484,159.0,94.0,0.49227098,155.0,93.0,0.37542963,154.0,94.0,0.23522192,144.0,91.0,0.39272863,147.0,108.0,0.5664853,130.0,104.0,0.6708297,172.0,87.0,0.475561,147.0,77.0,0.42317927,189.0,59.0,0.4231167,159.0,54.0,0.5103978,118.0,167.0,0.5453173,102.0,170.0,0.69676197,157.0,188.0,0.83831275,146.0,191.0,0.29904124,137.0,232.0,0.45827365,127.0,235.0,0.45852846
guy3_chair129.jpg,143.0,98.0,0.41528353,146.0,93.0,0.5512279,141.0,94.0,0.5995426,157.0,92.0,0.41532964,147.0,94.0,0.16303119,169.0,105.0,0.6169965,151.0,109.0,0.4556415,155.0,80.0,0.28053996,126.0,89.0,0.35385868,134.0,52.0,0.34621802,111.0,60.0,0.3923319,199.0,172.0,0.79126877,183.0,169.0,0.73603517,156.0,190.0,0.6633632,143.0,190.0,0.57564664,173.0,232.0,0.59526986,160.0,230.0,0.77445906
guy3_chair129_flipped.jpg,157.0,101.0,0.5911149,158.0,96.0,0.40771395,155.0,95.0,0.62622464,154.0,95.0,0.27988726,143.0,92.0,0.3425601,147.0,108.0,0.5472542,130.0,104.0,0.64949584,173.0,89.0,0.37966627,149.0,76.0,0.51648843,189.0,61.0,0.5307723,161.0,52.0,0.5178158,118.0,168.0,0.484276,102.0,171.0,0.73261726,157.0,189.0,0.79887855,145.0,193.0,0.31690317,136.0,234.0,0.37507814,127.0,237.0,0.50901425
guy3_chair130.jpg,142.0,100.0,0.5585425,145.0,94.0,0.6796671,141.0,94.0,0.7120373,157.0,92.0,0.4735057,150.0,93.0,0.44212547,170.0,104.0,0.75751513,151.0,109.0,0.65131426,153.0,79.0,0.3112709,127.0,89.0,0.49896935,135.0,52.0,0.48481748,112.0,62.0,0.4541307,201.0,174.0,0.5321529,185.0,173.0,0.6653751,156.0,191.0,0.6445284,142.0,190.0,0.6937819,174.0,232.0,0.7257761,162.0,232.0,0.87144786
guy3_chair130_flipped.jpg,157.0,101.0,0.56879616,158.0,96.0,0.58681697,155.0,95.0,0.59261084,152.0,95.0,0.21713166,145.0,93.0,0.59330213,146.0,109.0,0.5621029,129.0,105.0,0.58360195,171.0,89.0,0.42989883,148.0,79.0,0.30909356,189.0,62.0,0.31841248,162.0,51.0,0.59467316,116.0,168.0,0.4019349,102.0,171.0,0.7320373,155.0,190.0,0.6408737,145.0,192.0,0.44358265,134.0,234.0,0.53939474,127.0,237.0,0.61667407
guy3_chair131.jpg,143.0,99.0,0.4376813,147.0,94.0,0.4129545,142.0,94.0,0.689342,159.0,93.0,0.5308901,150.0,95.0,0.4208406,171.0,105.0,0.58625805,152.0,110.0,0.4856858,155.0,81.0,0.35072184,129.0,92.0,0.42323497,136.0,56.0,0.43528393,113.0,63.0,0.45020935,201.0,174.0,0.8867577,183.0,171.0,0.5924506,154.0,192.0,0.76320827,143.0,191.0,0.6469364,174.0,233.0,0.83223647,162.0,230.0,0.8653039
guy3_chair131_flipped.jpg,156.0,104.0,0.55598044,157.0,99.0,0.54558027,154.0,98.0,0.52787507,152.0,97.0,0.29800016,144.0,93.0,0.49435946,145.0,111.0,0.6801516,128.0,106.0,0.5673241,169.0,91.0,0.48001745,147.0,80.0,0.49756637,187.0,65.0,0.5498739,162.0,52.0,0.48502257,115.0,169.0,0.3500967,100.0,173.0,0.6537132,155.0,191.0,0.70381886,144.0,192.0,0.40730542,134.0,234.0,0.52564,126.0,236.0,0.45814115
guy3_chair132.jpg,144.0,101.0,0.5604284,147.0,95.0,0.71083766,142.0,97.0,0.59137994,159.0,95.0,0.7109568,150.0,96.0,0.39033118,172.0,106.0,0.7998434,152.0,110.0,0.4934859,157.0,82.0,0.4555489,131.0,92.0,0.49083585,136.0,56.0,0.48055348,115.0,65.0,0.35952264,201.0,175.0,0.8147991,186.0,173.0,0.7938737,155.0,193.0,0.76587236,144.0,192.0,0.75456476,174.0,234.0,0.58660614,162.0,232.0,0.7884101
guy3_chair132_flipped.jpg,156.0,105.0,0.55428994,157.0,100.0,0.6009533,154.0,99.0,0.5413664,151.0,98.0,0.2319242,142.0,95.0,0.4097945,145.0,112.0,0.5695742,128.0,108.0,0.5502567,169.0,91.0,0.4162294,145.0,82.0,0.509019,187.0,65.0,0.53716075,162.0,54.0,0.6184622,115.0,170.0,0.40089858,100.0,173.0,0.7247081,155.0,191.0,0.71354115,145.0,194.0,0.47134757,135.0,235.0,0.52295005,125.0,238.0,0.46937978
guy3_chair133.jpg,143.0,103.0,0.6481574,146.0,97.0,0.6057692,143.0,98.0,0.62682426,158.0,93.0,0.61454815,152.0,96.0,0.6718196,173.0,108.0,0.6212307,154.0,110.0,0.5387025,154.0,81.0,0.52448267,130.0,91.0,0.6400595,135.0,55.0,0.5074385,113.0,65.0,0.5642724,203.0,176.0,0.6798594,187.0,175.0,0.6750345,155.0,194.0,0.7422886,144.0,194.0,0.77439237,174.0,234.0,0.66457516,162.0,233.0,0.8749695
guy3_chair133_flipped.jpg,155.0,106.0,0.5362974,157.0,101.0,0.5885116,153.0,100.0,0.5815227,151.0,99.0,0.25323087,142.0,96.0,0.5902885,144.0,111.0,0.64426845,127.0,109.0,0.58319914,169.0,92.0,0.4403166,142.0,84.0,0.34981218,186.0,65.0,0.6203078,160.0,56.0,0.5228168,113.0,171.0,0.46371457,100.0,174.0,0.74082434,154.0,192.0,0.7453482,145.0,194.0,0.45988578,133.0,236.0,0.38133755,124.0,239.0,0.50045955
guy3_chair134.jpg,144.0,103.0,0.582617,147.0,97.0,0.64007115,143.0,98.0,0.47467384,159.0,95.0,0.6633144,151.0,98.0,0.48835972,172.0,107.0,0.82750636,153.0,112.0,0.6907393,155.0,84.0,0.4426907,131.0,93.0,0.53714937,137.0,59.0,0.35421395,114.0,66.0,0.51718825,202.0,176.0,0.7452791,188.0,175.0,0.85789484,156.0,194.0,0.7540663,145.0,194.0,0.77242196,175.0,234.0,0.64195424,164.0,233.0,0.8224659
guy3_chair134_flipped.jpg,155.0,106.0,0.61396074,156.0,101.0,0.46141127,152.0,100.0,0.33933532,150.0,100.0,0.18550304,140.0,97.0,0.39566907,143.0,113.0,0.63222134,126.0,109.0,0.5961031,168.0,93.0,0.4107538,141.0,85.0,0.34232533,186.0,66.0,0.7262069,160.0,58.0,0.45685557,114.0,172.0,0.5417611,99.0,174.0,0.6843096,154.0,192.0,0.82019275,144.0,194.0,0.348872,134.0,236.0,0.47154382,123.0,239.0,0.5632467
guy3_chair135.jpg,144.0,105.0,0.62292755,146.0,99.0,0.563912,143.0,100.0,0.57693493,158.0,95.0,0.6827856,152.0,97.0,0.52203465,172.0,108.0,0.88046354,155.0,111.0,0.71594524,154.0,83.0,0.4478034,132.0,95.0,0.68318766,138.0,59.0,0.3575845,116.0,67.0,0.5426047,203.0,177.0,0.90075916,189.0,177.0,0.8376272,157.0,196.0,0.736488,145.0,196.0,0.75134593,175.0,235.0,0.6655718,164.0,234.0,0.8274425
guy3_chair135_flipped.jpg,155.0,107.0,0.5977402,156.0,102.0,0.56218684,152.0,101.0,0.59799373,150.0,100.0,0.29338765,142.0,97.0,0.5921003,143.0,112.0,0.6263225,125.0,109.0,0.64493597,165.0,96.0,0.39908096,144.0,85.0,0.3966817,185.0,68.0,0.69759446,159.0,60.0,0.41017184,113.0,172.0,0.4664955,99.0,175.0,0.7475265,154.0,192.0,0.62815845,145.0,196.0,0.4122007,134.0,237.0,0.4380426,124.0,240.0,0.4944692
guy3_chair136.jpg,144.0,104.0,0.5552161,148.0,98.0,0.57884485,144.0,99.0,0.50174505,160.0,96.0,0.66922015,152.0,98.0,0.45663387,172.0,108.0,0.80818284,154.0,112.0,0.5864832,155.0,85.0,0.3151238,131.0,94.0,0.5109426,136.0,57.0,0.3350192,116.0,67.0,0.34261748,203.0,175.0,0.8668713,186.0,173.0,0.7049096,158.0,195.0,0.75842494,146.0,194.0,0.8619497,176.0,236.0,0.8088528,164.0,234.0,0.6172232
guy3_chair136_flipped.jpg,154.0,108.0,0.6245804,155.0,103.0,0.4481675,152.0,102.0,0.4090131,149.0,101.0,0.21409178,141.0,98.0,0.5558284,143.0,114.0,0.657021,126.0,110.0,0.6546407,165.0,97.0,0.46117103,145.0,84.0,0.36272934,184.0,69.0,0.52684957,161.0,58.0,0.44102016,114.0,173.0,0.44807562,98.0,176.0,0.7350717,153.0,194.0,0.81242514,143.0,197.0,0.35919583,134.0,238.0,0.5668562,124.0,241.0,0.61330086
guy3_chair137.jpg,146.0,104.0,0.51289785,149.0,99.0,0.6283902,144.0,99.0,0.4361541,161.0,98.0,0.53207946,151.0,99.0,0.17885333,172.0,110.0,0.5619066,155.0,113.0,0.35114625,155.0,85.0,0.22052263,133.0,94.0,0.29047143,138.0,60.0,0.25223425,117.0,67.0,0.41312858,201.0,176.0,0.7528946,185.0,173.0,0.6153705,158.0,196.0,0.56502134,146.0,195.0,0.67509955,176.0,239.0,0.71044147,164.0,238.0,0.73172957
guy3_chair137_flipped.jpg,154.0,106.0,0.5986656,154.0,102.0,0.36609077,150.0,101.0,0.48273578,148.0,100.0,0.29832855,139.0,98.0,0.43918154,143.0,114.0,0.63429767,125.0,109.0,0.70100546,165.0,96.0,0.3825272,145.0,84.0,0.28664643,183.0,70.0,0.6336187,160.0,59.0,0.49080426,113.0,173.0,0.45809555,98.0,176.0,0.7451618,153.0,194.0,0.85831046,143.0,197.0,0.3179174,133.0,239.0,0.4893855,124.0,242.0,0.57067776
guy3_chair138.jpg,146.0,103.0,0.52208865,149.0,98.0,0.5964544,144.0,99.0,0.5288645,161.0,97.0,0.5628074,152.0,98.0,0.19110583,172.0,108.0,0.6490779,154.0,112.0,0.47842622,156.0,84.0,0.25244164,133.0,94.0,0.30309722,138.0,59.0,0.22164653,116.0,68.0,0.36475632,202.0,175.0,0.70432985,186.0,173.0,0.70650625,160.0,197.0,0.6230185,147.0,196.0,0.51353824,177.0,240.0,0.59408903,165.0,239.0,0.6465629
guy3_chair138_flipped.jpg,153.0,107.0,0.61442924,154.0,102.0,0.500734,151.0,101.0,0.39294735,148.0,100.0,0.41485205,141.0,98.0,0.45002353,142.0,113.0,0.66018987,126.0,109.0,0.6465162,166.0,95.0,0.44246945,146.0,84.0,0.35410187,182.0,70.0,0.6627984,161.0,58.0,0.50436234,114.0,173.0,0.51379216,99.0,176.0,0.7352052,152.0,195.0,0.7870793,141.0,199.0,0.37695405,133.0,240.0,0.5034485,124.0,243.0,0.42645192
guy3_chair139.jpg,147.0,102.0,0.54495686,151.0,97.0,0.6269921,146.0,97.0,0.5078453,163.0,95.0,0.7060651,154.0,97.0,0.5135753,174.0,106.0,0.6910231,155.0,111.0,0.6447267,157.0,83.0,0.4116038,134.0,92.0,0.41933215,140.0,59.0,0.38503966,119.0,68.0,0.4409787,203.0,174.0,0.9003608,187.0,173.0,0.8507787,159.0,199.0,0.8093145,146.0,197.0,0.7107123,177.0,241.0,0.76807225,165.0,239.0,0.80889976
guy3_chair139_flipped.jpg,151.0,106.0,0.6388518,152.0,101.0,0.38434955,148.0,100.0,0.4827489,147.0,99.0,0.35171515,138.0,96.0,0.48954564,142.0,112.0,0.51404095,124.0,108.0,0.70409805,164.0,94.0,0.33908722,143.0,83.0,0.5131947,182.0,68.0,0.62828857,158.0,57.0,0.43478182,113.0,172.0,0.3930459,98.0,176.0,0.72459567,152.0,196.0,0.7288575,142.0,199.0,0.37284005,132.0,241.0,0.46849477,123.0,244.0,0.60923225
guy3_chair140.jpg,147.0,100.0,0.5676473,150.0,95.0,0.6377485,146.0,95.0,0.7292274,163.0,93.0,0.65304595,154.0,94.0,0.43353978,174.0,104.0,0.7367256,154.0,108.0,0.60062385,158.0,79.0,0.40489042,133.0,91.0,0.45247352,139.0,57.0,0.5213396,119.0,65.0,0.42269227,201.0,174.0,0.78365076,185.0,172.0,0.66153073,158.0,199.0,0.7814648,147.0,199.0,0.81151557,176.0,241.0,0.77312374,165.0,239.0,0.756477
guy3_chair140_flipped.jpg,149.0,101.0,0.5164792,150.0,96.0,0.65827894,146.0,95.0,0.3969997,145.0,95.0,0.25321263,136.0,93.0,0.50630504,142.0,110.0,0.59925437,124.0,107.0,0.6710763,163.0,93.0,0.34399724,142.0,81.0,0.46264702,181.0,66.0,0.5671166,158.0,56.0,0.43227234,116.0,171.0,0.42207688,100.0,174.0,0.6818943,153.0,197.0,0.738444,142.0,200.0,0.44690254,132.0,241.0,0.43832797,124.0,244.0,0.42252457
guy3_chair141.jpg,149.0,96.0,0.5507597,153.0,91.0,0.51774025,148.0,92.0,0.6301503,165.0,91.0,0.46050006,155.0,92.0,0.38753068,175.0,104.0,0.7736532,157.0,107.0,0.48588437,162.0,81.0,0.3822087,136.0,91.0,0.4952507,142.0,56.0,0.35167542,120.0,64.0,0.39689738,201.0,173.0,0.786994,184.0,172.0,0.78936005,160.0,202.0,0.8515631,147.0,199.0,0.7266613,176.0,244.0,0.62668514,167.0,242.0,0.7153468
guy3_chair141_flipped.jpg,148.0,99.0,0.36753866,148.0,94.0,0.51795805,145.0,93.0,0.6055496,144.0,93.0,0.37614492,135.0,91.0,0.64656854,141.0,109.0,0.4358574,122.0,105.0,0.6914683,163.0,91.0,0.3873079,142.0,79.0,0.53155243,178.0,65.0,0.5137611,156.0,54.0,0.33039665,116.0,172.0,0.5048311,101.0,174.0,0.6476431,152.0,198.0,0.7095658,141.0,202.0,0.3323468,132.0,243.0,0.4243449,124.0,245.0,0.42697492
guy3_chair142.jpg,151.0,93.0,0.6100815,155.0,88.0,0.68131006,149.0,88.0,0.5150846,168.0,88.0,0.6281863,157.0,88.0,0.43339908,178.0,102.0,0.6795694,156.0,105.0,0.6867343,161.0,79.0,0.4353627,136.0,87.0,0.5711694,142.0,53.0,0.4276701,120.0,63.0,0.4713302,199.0,172.0,0.8827774,181.0,171.0,0.6767713,159.0,202.0,0.8511379,146.0,200.0,0.7332068,176.0,245.0,0.57160527,166.0,243.0,0.68184483
guy3_chair142_flipped.jpg,147.0,97.0,0.47025448,147.0,92.0,0.5700558,144.0,91.0,0.3735613,142.0,92.0,0.22508743,133.0,91.0,0.38657698,141.0,107.0,0.47626442,122.0,104.0,0.6565604,164.0,88.0,0.5210859,141.0,78.0,0.3506429,178.0,64.0,0.45408455,156.0,54.0,0.5556771,118.0,171.0,0.49360505,103.0,173.0,0.7012838,154.0,200.0,0.6315969,141.0,203.0,0.44478187,131.0,245.0,0.480258,124.0,247.0,0.3786041
guy3_chair143.jpg,152.0,89.0,0.5778756,157.0,84.0,0.58418787,152.0,84.0,0.607811,171.0,86.0,0.6768375,160.0,85.0,0.4790391,180.0,101.0,0.5541693,157.0,103.0,0.6955682,160.0,77.0,0.4928733,137.0,84.0,0.4809599,143.0,52.0,0.5445359,123.0,60.0,0.4240607,199.0,172.0,0.7121396,181.0,172.0,0.7656393,158.0,204.0,0.83131754,146.0,200.0,0.80439514,177.0,245.0,0.6858747,168.0,244.0,0.7713084
guy3_chair143_flipped.jpg,144.0,92.0,0.39762133,144.0,87.0,0.5842907,142.0,86.0,0.4892066,139.0,88.0,0.29375404,130.0,87.0,0.6283616,139.0,104.0,0.34800673,120.0,101.0,0.529848,159.0,87.0,0.39181697,140.0,76.0,0.48912442,177.0,62.0,0.49433246,156.0,52.0,0.6400756,118.0,168.0,0.39718795,104.0,171.0,0.65494233,153.0,200.0,0.6634319,143.0,204.0,0.6839669,131.0,245.0,0.48599124,123.0,247.0,0.53203213
guy3_chair144.jpg,154.0,88.0,0.5523809,158.0,83.0,0.5790052,154.0,82.0,0.6545812,173.0,85.0,0.65702343,164.0,84.0,0.64470446,180.0,99.0,0.76562834,160.0,100.0,0.51405114,161.0,76.0,0.41755182,139.0,83.0,0.58891714,146.0,52.0,0.66720045,125.0,60.0,0.549353,197.0,172.0,0.8434694,180.0,172.0,0.83715415,155.0,206.0,0.6759294,145.0,202.0,0.7864237,177.0,246.0,0.7304103,167.0,244.0,0.69506335
guy3_chair144_flipped.jpg,145.0,90.0,0.49288267,145.0,86.0,0.5237929,142.0,85.0,0.56416905,141.0,86.0,0.29096246,131.0,85.0,0.6316461,139.0,102.0,0.43468484,120.0,100.0,0.63011706,159.0,85.0,0.31133404,140.0,75.0,0.36640143,176.0,60.0,0.34988797,154.0,50.0,0.54730785,121.0,168.0,0.47885367,106.0,170.0,0.47383904,155.0,202.0,0.6636249,144.0,205.0,0.6261958,132.0,246.0,0.42912063,124.0,248.0,0.5860972
guy3_chair145.jpg,154.0,86.0,0.58512175,159.0,81.0,0.655151,154.0,80.0,0.66357756,173.0,82.0,0.64738566,164.0,81.0,0.58307135,180.0,96.0,0.6510434,162.0,99.0,0.48152494,160.0,72.0,0.42758924,143.0,83.0,0.43290582,147.0,50.0,0.57145035,126.0,58.0,0.46109563,195.0,171.0,0.8595541,177.0,170.0,0.84603757,155.0,206.0,0.7128315,145.0,203.0,0.84385407,177.0,248.0,0.7829664,166.0,247.0,0.67803955
guy3_chair145_flipped.jpg,144.0,90.0,0.47086838,145.0,85.0,0.53085864,142.0,85.0,0.5527149,140.0,84.0,0.2898059,131.0,83.0,0.5124758,136.0,101.0,0.52246,119.0,98.0,0.6346786,159.0,82.0,0.46373358,138.0,73.0,0.40717956,174.0,56.0,0.42702278,153.0,49.0,0.6381732,121.0,168.0,0.42324555,108.0,170.0,0.6178082,154.0,203.0,0.50220287,144.0,205.0,0.56781787,132.0,246.0,0.503882,123.0,249.0,0.5882616
guy3_chair146.jpg,155.0,86.0,0.49041864,159.0,81.0,0.6128219,155.0,80.0,0.6374961,173.0,82.0,0.5356678,166.0,81.0,0.44960138,181.0,97.0,0.78009236,163.0,101.0,0.63666797,160.0,71.0,0.4200114,143.0,82.0,0.42230222,147.0,46.0,0.6558062,127.0,57.0,0.36898407,193.0,169.0,0.8598411,176.0,170.0,0.7980778,155.0,207.0,0.8088785,144.0,205.0,0.7877724,177.0,250.0,0.7693366,166.0,248.0,0.80350447
guy3_chair146_flipped.jpg,140.0,84.0,0.42544106,141.0,80.0,0.46321824,137.0,80.0,0.46340048,136.0,80.0,0.2523699,127.0,80.0,0.5572132,134.0,99.0,0.4055407,117.0,95.0,0.6840058,158.0,79.0,0.39756206,137.0,68.0,0.40103152,172.0,53.0,0.3835443,152.0,44.0,0.6313038,123.0,167.0,0.50170344,109.0,169.0,0.682745,155.0,204.0,0.68303615,145.0,206.0,0.5456653,131.0,248.0,0.48629624,123.0,251.0,0.49616358
guy3_chair147.jpg,156.0,81.0,0.5253866,161.0,76.0,0.5341991,157.0,76.0,0.6710198,174.0,78.0,0.5429138,168.0,78.0,0.6968214,180.0,93.0,0.8317277,162.0,96.0,0.72745144,166.0,70.0,0.2001339,140.0,78.0,0.6399957,150.0,45.0,0.6408688,128.0,52.0,0.3965282,191.0,169.0,0.83166206,174.0,169.0,0.8267983,153.0,208.0,0.74209434,143.0,205.0,0.8611257,177.0,249.0,0.85524905,167.0,247.0,0.69679296
guy3_chair147_flipped.jpg,140.0,82.0,0.51646686,139.0,78.0,0.67975795,137.0,77.0,0.61415565,134.0,78.0,0.36180422,126.0,79.0,0.49797186,136.0,97.0,0.42244637,117.0,94.0,0.6321783,156.0,77.0,0.3534443,136.0,69.0,0.32837924,171.0,51.0,0.5375792,150.0,43.0,0.5738537,124.0,167.0,0.5008582,110.0,168.0,0.6735102,156.0,204.0,0.5827361,146.0,207.0,0.5439763,131.0,249.0,0.5087733,124.0,251.0,0.5995405
guy3_chair148.jpg,155.0,83.0,0.5793863,160.0,77.0,0.5921168,157.0,78.0,0.70025367,173.0,78.0,0.7011243,167.0,79.0,0.6556367,181.0,92.0,0.7647477,162.0,97.0,0.6093668,167.0,67.0,0.34956706,140.0,75.0,0.69141805,152.0,41.0,0.7402261,128.0,48.0,0.57138497,190.0,167.0,0.852553,172.0,168.0,0.8223537,155.0,209.0,0.8303667,142.0,207.0,0.9182526,177.0,250.0,0.8286925,166.0,248.0,0.6221081
guy3_chair148_flipped.jpg,140.0,82.0,0.48451772,139.0,77.0,0.5487259,137.0,77.0,0.58663195,132.0,78.0,0.30144155,126.0,78.0,0.57560277,133.0,98.0,0.56617975,116.0,95.0,0.73262936,154.0,77.0,0.2909255,135.0,64.0,0.41942257,169.0,47.0,0.4052078,148.0,39.0,0.6037991,125.0,165.0,0.485442,111.0,166.0,0.5839761,156.0,206.0,0.6064191,145.0,208.0,0.43660375,132.0,251.0,0.5340619,122.0,253.0,0.5975876
guy3_chair149.jpg,157.0,79.0,0.4250285,162.0,75.0,0.4426419,157.0,76.0,0.51478004,173.0,76.0,0.57912636,166.0,77.0,0.51755434,181.0,90.0,0.8347269,161.0,93.0,0.53938556,167.0,63.0,0.3549129,140.0,72.0,0.6194822,154.0,37.0,0.6037983,129.0,43.0,0.5132992,188.0,166.0,0.86197615,171.0,167.0,0.8114105,155.0,210.0,0.85378134,142.0,208.0,0.83573717,176.0,252.0,0.8076424,165.0,249.0,0.8714672
guy3_chair149_flipped.jpg,140.0,84.0,0.39750478,140.0,79.0,0.4627316,137.0,79.0,0.4751317,134.0,79.0,0.30316156,126.0,78.0,0.5513704,135.0,97.0,0.5074588,116.0,93.0,0.60207725,157.0,75.0,0.3522177,132.0,66.0,0.238763,168.0,47.0,0.76741683,146.0,38.0,0.3301522,127.0,166.0,0.56200683,113.0,167.0,0.6550486,156.0,207.0,0.7451352,145.0,209.0,0.4544688,132.0,252.0,0.5459743,122.0,255.0,0.50093466
guy3_chair150.jpg,159.0,78.0,0.51725477,163.0,72.0,0.5028999,159.0,72.0,0.5907253,175.0,73.0,0.61335844,167.0,73.0,0.44454437,182.0,89.0,0.6099591,163.0,91.0,0.65675175,168.0,63.0,0.6023457,143.0,71.0,0.6925278,158.0,35.0,0.38389292,132.0,45.0,0.5516516,187.0,165.0,0.8417794,171.0,166.0,0.78870237,155.0,211.0,0.866356,141.0,208.0,0.9233402,175.0,253.0,0.6448782,166.0,249.0,0.80595607
guy3_chair150_flipped.jpg,139.0,80.0,0.43048683,139.0,76.0,0.59757626,136.0,76.0,0.6107667,134.0,76.0,0.24291496,125.0,75.0,0.49825653,136.0,93.0,0.5087083,117.0,90.0,0.47943228,157.0,71.0,0.3276385,132.0,63.0,0.3358057,166.0,44.0,0.6879641,143.0,36.0,0.34900197,130.0,164.0,0.56377864,115.0,165.0,0.62770164,156.0,208.0,0.6484369,146.0,210.0,0.4496159,132.0,252.0,0.4616139,123.0,255.0,0.6534519
guy3_chair151.jpg,157.0,79.0,0.56289685,161.0,74.0,0.5638492,158.0,73.0,0.68715286,173.0,74.0,0.5885217,168.0,74.0,0.56495464,182.0,91.0,0.69559276,163.0,91.0,0.53507614,168.0,60.0,0.38377604,145.0,69.0,0.40982607,159.0,33.0,0.5218595,134.0,40.0,0.65404665,185.0,165.0,0.7310412,169.0,166.0,0.8581233,153.0,211.0,0.74408966,140.0,209.0,0.9106822,176.0,255.0,0.88914585,164.0,251.0,0.8274138
guy3_chair151_flipped.jpg,140.0,81.0,0.48009658,139.0,76.0,0.47499627,137.0,76.0,0.60757864,132.0,76.0,0.34752998,127.0,75.0,0.5599498,135.0,94.0,0.48428395,117.0,91.0,0.6885037,153.0,72.0,0.44119486,131.0,61.0,0.26910344,162.0,44.0,0.57947737,139.0,35.0,0.4943076,130.0,164.0,0.64242274,115.0,165.0,0.61284184,156.0,208.0,0.5143653,146.0,211.0,0.5580547,132.0,253.0,0.54469603,123.0,256.0,0.68896025
guy3_chair152.jpg,157.0,79.0,0.5632876,161.0,73.0,0.54293245,159.0,73.0,0.6068563,174.0,73.0,0.6343851,170.0,73.0,0.47319648,182.0,90.0,0.72343683,164.0,91.0,0.8485594,170.0,59.0,0.5527966,146.0,68.0,0.5535514,163.0,31.0,0.3543371,137.0,36.0,0.70212674,185.0,164.0,0.7881205,169.0,165.0,0.7816135,154.0,212.0,0.85617334,142.0,210.0,0.74952865,176.0,256.0,0.89396816,165.0,252.0,0.675806
guy3_chair152_flipped.jpg,139.0,80.0,0.5563679,138.0,75.0,0.71142626,136.0,75.0,0.65013176,132.0,75.0,0.48046964,126.0,75.0,0.6644096,134.0,93.0,0.6684071,117.0,90.0,0.73997074,153.0,69.0,0.40379193,130.0,59.0,0.3636456,160.0,40.0,0.58026755,135.0,35.0,0.61809635,131.0,164.0,0.6874127,116.0,164.0,0.65200746,157.0,208.0,0.63361126,145.0,211.0,0.6613937,132.0,253.0,0.5794344,124.0,257.0,0.7244544
guy3_chair153.jpg,158.0,77.0,0.46878844,161.0,72.0,0.60524607,159.0,71.0,0.5987512,174.0,73.0,0.71800756,169.0,73.0,0.5658178,182.0,89.0,0.82300293,164.0,91.0,0.62599015,171.0,57.0,0.44906348,147.0,70.0,0.40653282,164.0,29.0,0.61308855,139.0,37.0,0.66662407,183.0,164.0,0.78083974,168.0,165.0,0.83959574,154.0,213.0,0.87504977,142.0,212.0,0.7889161,177.0,258.0,0.8529062,164.0,253.0,0.7963074
guy3_chair153_flipped.jpg,138.0,80.0,0.4502334,137.0,75.0,0.50314724,135.0,75.0,0.57761306,131.0,75.0,0.40870947,126.0,74.0,0.57084346,134.0,93.0,0.59464204,117.0,90.0,0.65797406,150.0,68.0,0.28631672,128.0,58.0,0.5874867,159.0,39.0,0.6925943,132.0,33.0,0.42880943,133.0,164.0,0.68818396,118.0,164.0,0.6650225,156.0,210.0,0.70669127,146.0,212.0,0.5348335,132.0,255.0,0.41873893,124.0,258.0,0.7127949
