guy3_dog025_flipped.jpg,106.0,167.0,0.44501078,108.0,169.0,0.5904466,102.0,169.0,0.6634284,116.0,159.0,0.6103247,98.0,158.0,0.55028164,141.0,143.0,0.7533068,97.0,133.0,0.63738275,153.0,185.0,0.82792044,96.0,168.0,0.6246071,143.0,206.0,0.23765768,91.0,201.0,0.8228932,178.0,90.0,0.9137123,153.0,82.0,0.8918707,187.0,135.0,0.7495409,170.0,131.0,0.57312596,209.0,149.0,0.51584816,191.0,147.0,0.656683
guy3_dog026_flipped.jpg,111.0,169.0,0.295116,112.0,170.0,0.43592656,106.0,171.0,0.43613693,119.0,158.0,0.4984658,101.0,158.0,0.53496945,142.0,142.0,0.7098514,101.0,136.0,0.7641218,156.0,186.0,0.72932965,97.0,172.0,0.6376877,151.0,195.0,0.2006031,93.0,196.0,0.32184392,174.0,88.0,0.9230926,152.0,80.0,0.89964676,186.0,132.0,0.7352879,166.0,129.0,0.57362926,210.0,146.0,0.8441318,187.0,143.0,0.47268763
guy3_dog027.jpg,185.0,167.0,0.42841104,190.0,169.0,0.5042041,184.0,169.0,0.52625084,193.0,159.0,0.5013889,177.0,159.0,0.64644676,196.0,137.0,0.82850194,154.0,142.0,0.7642917,199.0,167.0,0.73074996,142.0,185.0,0.7411535,205.0,194.0,0.46107054,204.0,195.0,0.1894746,147.0,80.0,0.7943962,124.0,85.0,0.71262574,131.0,130.0,0.42329705,110.0,132.0,0.66568786,108.0,142.0,0.48931536,92.0,146.0,0.76362234
guy3_dog027_flipped.jpg,112.0,166.0,0.41070375,114.0,168.0,0.42612025,107.0,168.0,0.36631534,122.0,158.0,0.55985254,103.0,156.0,0.69397557,145.0,144.0,0.70670545,102.0,137.0,0.7464464,157.0,186.0,0.8965035,99.0,172.0,0.743037,153.0,195.0,0.18455048,93.0,195.0,0.35307848,174.0,84.0,0.93746644,153.0,77.0,0.89502215,187.0,128.0,0.7810428,171.0,124.0,0.75178856,207.0,146.0,0.84382343,189.0,144.0,0.64527273
guy3_dog028.jpg,182.0,166.0,0.33535334,187.0,168.0,0.2856187,180.0,168.0,0.42152932,192.0,158.0,0.5024307,173.0,158.0,0.5427202,194.0,137.0,0.77185255,152.0,140.0,0.75474346,201.0,169.0,0.63227177,141.0,185.0,0.73229903,205.0,193.0,0.57193995,203.0,196.0,0.13097838,145.0,76.0,0.8302319,123.0,81.0,0.7592029,132.0,127.0,0.58585924,109.0,129.0,0.6039183,109.0,143.0,0.5506557,93.0,146.0,0.69229054
guy3_dog028_flipped.jpg,119.0,164.0,0.4202729,120.0,166.0,0.44095734,113.0,167.0,0.49810562,127.0,157.0,0.48793426,108.0,157.0,0.6392331,148.0,143.0,0.8197651,106.0,136.0,0.6715317,160.0,185.0,0.8605405,101.0,170.0,0.76777697,154.0,200.0,0.14560515,95.0,199.0,0.57384795,175.0,79.0,0.9254407,154.0,71.0,0.7199675,189.0,124.0,0.70057565,169.0,123.0,0.6228998,207.0,146.0,0.6822535,188.0,145.0,0.6066611
guy3_dog029.jpg,181.0,166.0,0.28236458,186.0,167.0,0.4201384,179.0,168.0,0.38443598,190.0,159.0,0.46417096,169.0,159.0,0.4686311,190.0,139.0,0.7121433,147.0,143.0,0.46843225,198.0,170.0,0.5400348,140.0,185.0,0.7824072,202.0,194.0,0.45759767,102.0,144.0,0.14287695,143.0,76.0,0.7672896,122.0,81.0,0.65217817,124.0,125.0,0.5100168,108.0,126.0,0.57380974,109.0,144.0,0.53095055,92.0,148.0,0.7246387
guy3_dog029_flipped.jpg,120.0,166.0,0.3910539,123.0,168.0,0.4984083,115.0,168.0,0.45109427,132.0,157.0,0.55229336,110.0,157.0,0.53307045,152.0,144.0,0.6165439,110.0,135.0,0.6329935,161.0,185.0,0.8874388,104.0,168.0,0.78711784,150.0,203.0,0.15928464,95.0,201.0,0.8367449,175.0,76.0,0.8740367,155.0,69.0,0.9185916,190.0,120.0,0.8236923,170.0,118.0,0.5822849,207.0,149.0,0.78458124,183.0,144.0,0.6214751
guy3_dog030.jpg,177.0,166.0,0.26477423,182.0,168.0,0.38401884,175.0,169.0,0.38748065,185.0,158.0,0.42515892,166.0,159.0,0.5028125,187.0,139.0,0.79808784,146.0,141.0,0.5796139,197.0,173.0,0.725294,136.0,185.0,0.8923145,200.0,193.0,0.32590264,103.0,142.0,0.15819299,142.0,74.0,0.63948756,121.0,78.0,0.6867527,125.0,120.0,0.6667907,106.0,121.0,0.70254004,110.0,141.0,0.48484537,94.0,145.0,0.7937909
guy3_dog030_flipped.jpg,124.0,162.0,0.41445437,127.0,166.0,0.5148892,118.0,165.0,0.5928693,135.0,158.0,0.6155251,112.0,157.0,0.59252656,154.0,143.0,0.84897375,110.0,135.0,0.7203758,162.0,185.0,0.90709764,102.0,171.0,0.75017214,151.0,204.0,0.10349263,95.0,200.0,0.9173006,176.0,75.0,0.888615,156.0,69.0,0.9132625,192.0,116.0,0.8853071,172.0,117.0,0.63876843,206.0,147.0,0.73939633,186.0,144.0,0.5764666
guy3_dog031.jpg,173.0,167.0,0.34267086,178.0,169.0,0.37341762,171.0,170.0,0.42196473,182.0,159.0,0.5636902,163.0,160.0,0.6603453,185.0,140.0,0.80240935,143.0,141.0,0.5855025,195.0,171.0,0.8035663,134.0,186.0,0.87963027,201.0,197.0,0.5494241,139.0,198.0,0.109188765,140.0,72.0,0.7574689,119.0,74.0,0.7522113,128.0,119.0,0.641654,105.0,120.0,0.7246305,111.0,143.0,0.46648294,94.0,148.0,0.82589215
guy3_dog031_flipped.jpg,126.0,163.0,0.44589162,129.0,166.0,0.40985897,120.0,166.0,0.58236575,138.0,157.0,0.5875239,115.0,157.0,0.6206588,158.0,145.0,0.5941721,113.0,136.0,0.6941403,164.0,185.0,0.86920995,104.0,168.0,0.69195276,153.0,207.0,0.3621408,96.0,200.0,0.86939144,179.0,72.0,0.81130105,158.0,67.0,0.90265816,193.0,116.0,0.7429129,174.0,116.0,0.6356285,206.0,149.0,0.66548145,185.0,145.0,0.5102743
guy3_dog032.jpg,169.0,167.0,0.38221774,173.0,168.0,0.45606533,167.0,169.0,0.49221337,177.0,159.0,0.57038176,158.0,160.0,0.54007864,183.0,139.0,0.7506254,139.0,142.0,0.6597996,193.0,173.0,0.8693284,132.0,185.0,0.8357533,199.0,193.0,0.54247767,136.0,194.0,0.1734877,137.0,68.0,0.76057875,117.0,70.0,0.65375423,134.0,119.0,0.59077716,105.0,120.0,0.70440996,112.0,142.0,0.43226534,94.0,148.0,0.7868821
guy3_dog032_flipped.jpg,128.0,163.0,0.4722994,131.0,167.0,0.42235807,123.0,166.0,0.5446627,141.0,158.0,0.6595674,120.0,157.0,0.7321082,159.0,145.0,0.62414455,118.0,136.0,0.68677175,166.0,183.0,0.79846156,105.0,173.0,0.8278206,151.0,215.0,0.70860755,96.0,202.0,0.8176297,183.0,67.0,0.81429034,159.0,63.0,0.8547352,193.0,114.0,0.73039687,173.0,116.0,0.669405,202.0,145.0,0.65744984,183.0,142.0,0.68817455
guy3_dog033.jpg,164.0,167.0,0.3210098,170.0,169.0,0.4513462,163.0,169.0,0.44661334,173.0,159.0,0.6101997,154.0,160.0,0.62962633,178.0,137.0,0.8292927,137.0,140.0,0.52090615,191.0,172.0,0.83156157,130.0,181.0,0.80752224,197.0,189.0,0.42673475,135.0,191.0,0.13544048,135.0,68.0,0.90905464,116.0,70.0,0.719701,130.0,116.0,0.6447614,105.0,117.0,0.7404673,111.0,141.0,0.44743562,95.0,147.0,0.6558597
guy3_dog033_flipped.jpg,135.0,160.0,0.35648373,137.0,164.0,0.47838184,129.0,164.0,0.57887286,144.0,156.0,0.6166018,123.0,157.0,0.43786424,160.0,144.0,0.7549788,119.0,138.0,0.65046895,167.0,184.0,0.6841146,106.0,172.0,0.8502388,158.0,207.0,0.7316531,99.0,201.0,0.86981577,181.0,68.0,0.9024746,159.0,66.0,0.8591975,194.0,113.0,0.6385046,174.0,114.0,0.5294833,205.0,147.0,0.7032252,186.0,143.0,0.7116018
guy3_dog034.jpg,161.0,169.0,0.36914447,166.0,170.0,0.5056989,160.0,170.0,0.46371195,172.0,160.0,0.6593826,152.0,160.0,0.6689398,177.0,138.0,0.85104847,134.0,141.0,0.5384363,189.0,173.0,0.861696,130.0,182.0,0.814556,195.0,193.0,0.6013013,134.0,193.0,0.22181344,135.0,68.0,0.88137186,116.0,71.0,0.705382,129.0,116.0,0.60339594,104.0,117.0,0.8469745,111.0,144.0,0.41900718,95.0,148.0,0.6368805
guy3_dog034_flipped.jpg,135.0,161.0,0.43295506,138.0,166.0,0.4658418,130.0,165.0,0.61580926,149.0,159.0,0.69146967,127.0,158.0,0.57833886,166.0,147.0,0.7399751,124.0,136.0,0.65752125,168.0,184.0,0.7723154,109.0,172.0,0.8715185,155.0,212.0,0.82654315,100.0,202.0,0.8208757,186.0,66.0,0.89593935,164.0,63.0,0.7927035,196.0,110.0,0.690946,175.0,113.0,0.51366854,202.0,145.0,0.5710383,177.0,147.0,0.29161966
guy3_dog035.jpg,159.0,167.0,0.40456927,164.0,168.0,0.49581844,156.0,169.0,0.45251882,169.0,159.0,0.48867986,149.0,161.0,0.58078706,175.0,138.0,0.8429575,130.0,141.0,0.506609,187.0,173.0,0.6712644,129.0,181.0,0.7038577,193.0,192.0,0.5199931,132.0,192.0,0.21381885,134.0,67.0,0.87228006,114.0,70.0,0.8198503,132.0,114.0,0.6127571,104.0,115.0,0.8249806,112.0,142.0,0.41818047,97.0,146.0,0.7570958
guy3_dog035_flipped.jpg,138.0,161.0,0.36072433,142.0,167.0,0.48896325,133.0,165.0,0.5461689,151.0,159.0,0.67620826,130.0,158.0,0.51137936,167.0,144.0,0.5588162,125.0,135.0,0.69130147,168.0,181.0,0.87398773,112.0,171.0,0.7928035,157.0,212.0,0.7844234,103.0,200.0,0.6545961,186.0,64.0,0.8898187,163.0,62.0,0.8298495,195.0,110.0,0.69768167,169.0,111.0,0.53685313,201.0,145.0,0.50487125,176.0,144.0,0.33299026
guy3_dog036_flipped.jpg,143.0,160.0,0.3417498,146.0,165.0,0.6490376,138.0,164.0,0.58167225,156.0,157.0,0.6506845,134.0,157.0,0.67339873,171.0,144.0,0.72390306,129.0,133.0,0.6822667,170.0,180.0,0.88834226,112.0,170.0,0.8235875,159.0,211.0,0.69916975,104.0,200.0,0.6306652,187.0,63.0,0.8841025,164.0,60.0,0.84422463,196.0,111.0,0.6654024,171.0,110.0,0.494594,201.0,143.0,0.6519784,177.0,144.0,0.30250773
guy3_dog037.jpg,151.0,162.0,0.45182583,156.0,164.0,0.49232516,149.0,165.0,0.5613035,160.0,155.0,0.59634674,140.0,157.0,0.54830885,169.0,134.0,0.8688803,124.0,140.0,0.75201994,182.0,168.0,0.8062277,126.0,180.0,0.8327669,191.0,198.0,0.5378672,132.0,199.0,0.22573186,134.0,68.0,0.7811582,113.0,70.0,0.7307633,132.0,111.0,0.5701299,103.0,115.0,0.838043,126.0,138.0,0.10755605,97.0,147.0,0.75022256
guy3_dog037_flipped.jpg,144.0,160.0,0.32206485,146.0,164.0,0.61061144,139.0,163.0,0.58215415,157.0,156.0,0.55597997,135.0,156.0,0.5413743,171.0,145.0,0.67098725,130.0,133.0,0.6547763,173.0,180.0,0.6782459,114.0,169.0,0.8446109,161.0,210.0,0.7029792,107.0,200.0,0.80498457,187.0,63.0,0.7429365,165.0,62.0,0.79987746,197.0,110.0,0.55751455,173.0,107.0,0.5960047,201.0,142.0,0.6345213,178.0,142.0,0.3129585
guy3_dog038.jpg,148.0,160.0,0.44084114,153.0,162.0,0.6223303,146.0,163.0,0.44041818,157.0,153.0,0.6803286,138.0,156.0,0.6054794,168.0,136.0,0.79071385,123.0,142.0,0.5930723,180.0,166.0,0.8162699,125.0,179.0,0.8084446,190.0,197.0,0.72484946,132.0,202.0,0.4880279,134.0,66.0,0.7822765,112.0,68.0,0.7432389,132.0,110.0,0.5454212,103.0,113.0,0.8130884,125.0,136.0,0.14508288,98.0,143.0,0.7633434
guy3_dog038_flipped.jpg,146.0,161.0,0.4934571,149.0,166.0,0.6117857,141.0,164.0,0.58104026,159.0,157.0,0.62414056,137.0,156.0,0.62484825,174.0,146.0,0.508525,130.0,135.0,0.6703283,174.0,178.0,0.8796498,117.0,167.0,0.751911,164.0,207.0,0.77300406,110.0,199.0,0.8580898,187.0,64.0,0.8667089,165.0,62.0,0.7442161,196.0,108.0,0.6370667,171.0,108.0,0.6525042,199.0,143.0,0.5053852,179.0,139.0,0.32002667
guy3_dog039.jpg,147.0,161.0,0.48594058,152.0,163.0,0.5267046,145.0,165.0,0.48892358,156.0,153.0,0.58709,137.0,156.0,0.69088596,165.0,135.0,0.8459307,120.0,139.0,0.42854685,178.0,170.0,0.81157064,123.0,175.0,0.7648512,188.0,198.0,0.5968147,130.0,201.0,0.39031258,133.0,68.0,0.66897583,112.0,69.0,0.83999765,136.0,110.0,0.39063743,103.0,112.0,0.8474331,129.0,137.0,0.13123982,98.0,142.0,0.76125133
guy3_dog039_flipped.jpg,148.0,159.0,0.41568682,151.0,163.0,0.5587928,142.0,162.0,0.47407284,161.0,155.0,0.6441151,139.0,154.0,0.4266631,176.0,142.0,0.5868895,132.0,132.0,0.5115997,176.0,176.0,0.8889951,119.0,166.0,0.67306906,165.0,207.0,0.7028532,111.0,198.0,0.8849493,187.0,64.0,0.8664525,166.0,63.0,0.8182032,196.0,109.0,0.5483414,174.0,109.0,0.5172763,199.0,142.0,0.57839704,192.0,140.0,0.524497
guy3_dog040.jpg,147.0,160.0,0.43700647,152.0,161.0,0.57484674,145.0,163.0,0.4806244,156.0,152.0,0.5904844,137.0,154.0,0.62047946,164.0,132.0,0.840403,121.0,136.0,0.6985159,178.0,166.0,0.8946478,122.0,175.0,0.8316609,186.0,194.0,0.6978124,126.0,194.0,0.16272186,133.0,67.0,0.7675816,112.0,69.0,0.8646215,138.0,106.0,0.43160293,104.0,110.0,0.6669549,131.0,132.0,0.10592182,99.0,141.0,0.80696535
guy3_dog040_flipped.jpg,151.0,156.0,0.45579922,155.0,161.0,0.545902,146.0,159.0,0.3759432,164.0,152.0,0.63707614,141.0,152.0,0.5035527,179.0,141.0,0.66645527,135.0,133.0,0.50642186,178.0,176.0,0.8916299,121.0,164.0,0.5308621,170.0,202.0,0.6341474,113.0,196.0,0.8735468,187.0,68.0,0.92557156,166.0,66.0,0.86553586,196.0,107.0,0.82774353,172.0,106.0,0.6436268,201.0,142.0,0.5143652,181.0,135.0,0.24827442
guy3_dog041.jpg,145.0,159.0,0.4516258,150.0,161.0,0.48402867,143.0,161.0,0.4864755,154.0,151.0,0.59388506,134.0,153.0,0.5360507,162.0,133.0,0.87157524,119.0,138.0,0.56747544,174.0,164.0,0.81609684,120.0,173.0,0.85995024,183.0,193.0,0.6257111,125.0,195.0,0.30764,133.0,66.0,0.64749765,111.0,67.0,0.8327439,137.0,108.0,0.46276787,104.0,111.0,0.8122669,133.0,134.0,0.1248813,100.0,140.0,0.7391895
guy3_dog041_flipped.jpg,153.0,158.0,0.47943783,155.0,162.0,0.6474434,148.0,161.0,0.59892833,165.0,152.0,0.64187324,143.0,152.0,0.6157024,180.0,141.0,0.7373942,136.0,133.0,0.708114,181.0,173.0,0.54892445,122.0,162.0,0.73257005,173.0,200.0,0.7585242,115.0,193.0,0.89130414,188.0,68.0,0.89526737,166.0,64.0,0.90978867,198.0,106.0,0.65525055,175.0,105.0,0.45333079,200.0,137.0,0.539349,179.0,131.0,0.21143323
guy3_dog042_flipped.jpg,153.0,156.0,0.5001478,155.0,160.0,0.5595932,149.0,159.0,0.5985388,164.0,151.0,0.66950035,144.0,151.0,0.461047,179.0,140.0,0.7273768,136.0,132.0,0.6265751,182.0,171.0,0.84532416,122.0,164.0,0.7443686,173.0,200.0,0.6697794,116.0,193.0,0.8220027,188.0,66.0,0.88182265,167.0,63.0,0.9076986,197.0,105.0,0.71852267,179.0,106.0,0.4604667,200.0,136.0,0.43595645,184.0,135.0,0.27644092
guy3_dog043.jpg,142.0,158.0,0.33856258,148.0,160.0,0.6165358,141.0,160.0,0.5390234,152.0,151.0,0.6274154,134.0,154.0,0.6741935,162.0,131.0,0.77521986,118.0,135.0,0.6299527,173.0,161.0,0.8558958,117.0,170.0,0.6932276,180.0,189.0,0.6442449,122.0,190.0,0.13991612,132.0,66.0,0.74297434,113.0,67.0,0.81217283,138.0,106.0,0.4463143,106.0,109.0,0.7596139,129.0,134.0,0.10974576,102.0,138.0,0.70241386
guy3_dog043_flipped.jpg,155.0,152.0,0.50069225,157.0,156.0,0.39003733,150.0,155.0,0.5270964,166.0,148.0,0.711055,145.0,148.0,0.46431005,181.0,138.0,0.55094177,138.0,129.0,0.65208757,182.0,170.0,0.78099465,124.0,161.0,0.82790256,175.0,197.0,0.8373538,118.0,192.0,0.8528111,186.0,66.0,0.8167403,165.0,64.0,0.9047537,198.0,106.0,0.6245458,178.0,104.0,0.46799442,198.0,136.0,0.4606733,183.0,134.0,0.26136515
guy3_dog044.jpg,142.0,154.0,0.4893046,147.0,156.0,0.48314464,140.0,158.0,0.5128683,150.0,149.0,0.57767403,132.0,150.0,0.59629947,161.0,130.0,0.78275836,116.0,134.0,0.66592944,173.0,162.0,0.8090463,116.0,169.0,0.7773114,179.0,190.0,0.7058407,121.0,190.0,0.53070414,133.0,64.0,0.7933551,112.0,65.0,0.8399827,139.0,107.0,0.32459036,107.0,110.0,0.637841,132.0,130.0,0.1629562,102.0,133.0,0.5543152
guy3_dog044_flipped.jpg,154.0,153.0,0.46138126,157.0,157.0,0.45562625,150.0,156.0,0.45584637,168.0,148.0,0.682155,145.0,148.0,0.53203344,182.0,138.0,0.54277754,139.0,130.0,0.7293448,184.0,168.0,0.78091073,125.0,161.0,0.7874625,178.0,197.0,0.76313657,119.0,190.0,0.87398696,186.0,66.0,0.888644,165.0,64.0,0.9011468,198.0,106.0,0.625541,174.0,104.0,0.6244824,197.0,136.0,0.42983073,176.0,132.0,0.17315578
guy3_dog045.jpg,143.0,152.0,0.4322348,147.0,154.0,0.43498826,140.0,155.0,0.3773446,151.0,147.0,0.4255956,132.0,149.0,0.5987565,161.0,129.0,0.8023237,117.0,132.0,0.590477,172.0,160.0,0.87508136,115.0,168.0,0.7373327,178.0,187.0,0.622791,121.0,190.0,0.30674997,134.0,64.0,0.6986738,114.0,66.0,0.702868,142.0,105.0,0.2635739,110.0,110.0,0.4615677,135.0,130.0,0.14368542,104.0,134.0,0.3939313
guy3_dog045_flipped.jpg,156.0,150.0,0.49072537,159.0,154.0,0.58417267,152.0,154.0,0.54016215,168.0,148.0,0.59748936,147.0,148.0,0.5218251,183.0,136.0,0.54088855,140.0,129.0,0.79270005,184.0,168.0,0.77129817,127.0,159.0,0.839211,179.0,191.0,0.7171316,121.0,189.0,0.7455025,186.0,66.0,0.8049906,164.0,64.0,0.88978416,195.0,106.0,0.68910164,173.0,104.0,0.5046507,194.0,132.0,0.39609206,167.0,132.0,0.16239701
guy3_dog046.jpg,140.0,150.0,0.5219346,145.0,153.0,0.5973202,138.0,154.0,0.43780196,148.0,146.0,0.5574373,130.0,147.0,0.58623886,159.0,127.0,0.72577405,115.0,130.0,0.6085953,171.0,157.0,0.8936241,114.0,166.0,0.76989293,177.0,186.0,0.6975672,121.0,189.0,0.44563773,135.0,62.0,0.77875215,113.0,63.0,0.71178687,141.0,104.0,0.40478337,109.0,111.0,0.4861108,134.0,128.0,0.19912824,106.0,130.0,0.256688
guy3_dog046_flipped.jpg,157.0,149.0,0.44713107,161.0,153.0,0.4914437,153.0,153.0,0.4547188,169.0,147.0,0.55072284,148.0,147.0,0.447097,182.0,134.0,0.60869145,140.0,128.0,0.6142585,185.0,165.0,0.7913884,127.0,160.0,0.7746028,178.0,193.0,0.63661647,122.0,187.0,0.60908186,185.0,64.0,0.88917696,162.0,64.0,0.8614229,194.0,105.0,0.41242227,167.0,106.0,0.469673,189.0,134.0,0.28271043,171.0,131.0,0.25912985
guy3_dog047.jpg,141.0,156.0,0.38813287,146.0,157.0,0.5282491,138.0,157.0,0.47501123,150.0,148.0,0.53093296,130.0,149.0,0.5131074,160.0,128.0,0.72818226,115.0,131.0,0.47835577,171.0,158.0,0.84602314,115.0,163.0,0.7095073,175.0,181.0,0.49926698,119.0,181.0,0.22520973,138.0,65.0,0.7274531,115.0,65.0,0.78945786,145.0,104.0,0.35594416,116.0,108.0,0.35084546,138.0,127.0,0.18382205,116.0,125.0,0.34596068
guy3_dog047_flipped.jpg,156.0,147.0,0.4822603,158.0,151.0,0.56266665,152.0,151.0,0.6104133,168.0,145.0,0.6092931,148.0,145.0,0.54928607,182.0,134.0,0.6989836,140.0,127.0,0.56971955,186.0,163.0,0.7399895,128.0,158.0,0.8203382,180.0,185.0,0.45031813,123.0,186.0,0.7626279,184.0,64.0,0.8426156,162.0,63.0,0.82496095,192.0,103.0,0.49475548,172.0,103.0,0.3700094,189.0,131.0,0.33479112,172.0,131.0,0.35061717
guy3_dog048.jpg,141.0,153.0,0.3622849,145.0,155.0,0.41623425,138.0,155.0,0.57418156,149.0,146.0,0.52615976,130.0,147.0,0.46283892,159.0,128.0,0.7943406,117.0,130.0,0.40391612,171.0,159.0,0.73616564,113.0,161.0,0.5993141,174.0,182.0,0.3711633,118.0,183.0,0.5122675,138.0,64.0,0.8168814,117.0,65.0,0.71675146,146.0,106.0,0.3146035,118.0,114.0,0.42067447,139.0,127.0,0.18522176,118.0,125.0,0.34193233
guy3_dog048_flipped.jpg,157.0,147.0,0.45703897,159.0,151.0,0.54768074,152.0,151.0,0.5464034,167.0,144.0,0.6058101,147.0,145.0,0.40393788,181.0,133.0,0.6968284,139.0,127.0,0.68318546,186.0,160.0,0.5962012,128.0,159.0,0.77327275,181.0,188.0,0.79717207,125.0,186.0,0.55140233,184.0,64.0,0.86107725,162.0,63.0,0.8635529,190.0,103.0,0.58230823,169.0,105.0,0.4433522,184.0,132.0,0.28638473,169.0,128.0,0.31054598
guy3_dog049.jpg,139.0,152.0,0.40609,144.0,154.0,0.52080435,137.0,154.0,0.3724021,147.0,145.0,0.5115539,129.0,146.0,0.48853785,159.0,128.0,0.81290364,117.0,132.0,0.41049147,170.0,157.0,0.8256062,113.0,160.0,0.6945634,174.0,184.0,0.6639354,118.0,186.0,0.74936926,139.0,64.0,0.64142334,116.0,65.0,0.7718284,147.0,105.0,0.36973843,120.0,109.0,0.45354444,141.0,127.0,0.21341313,121.0,125.0,0.45484632
guy3_dog049_flipped.jpg,156.0,146.0,0.4514564,160.0,150.0,0.4163413,153.0,149.0,0.43091345,168.0,143.0,0.5082375,148.0,143.0,0.5364968,181.0,131.0,0.8119206,140.0,125.0,0.53545487,186.0,159.0,0.7853108,128.0,157.0,0.80414855,181.0,188.0,0.7988264,125.0,183.0,0.6879934,181.0,63.0,0.9121943,159.0,64.0,0.8161042,187.0,105.0,0.4994712,169.0,105.0,0.5167128,183.0,132.0,0.24689445,168.0,130.0,0.2722733
guy3_dog050.jpg,141.0,150.0,0.38121372,145.0,153.0,0.37412894,137.0,153.0,0.4791143,148.0,144.0,0.46786097,130.0,145.0,0.4418061,160.0,126.0,0.69535375,117.0,128.0,0.4294963,170.0,153.0,0.8286456,114.0,160.0,0.6498617,173.0,179.0,0.4581665,117.0,182.0,0.40212032,140.0,61.0,0.6953937,117.0,62.0,0.78020245,148.0,102.0,0.44535014,121.0,107.0,0.5076058,143.0,128.0,0.23871379,125.0,129.0,0.4080419
guy3_dog050_flipped.jpg,157.0,145.0,0.41860896,160.0,149.0,0.474455,153.0,149.0,0.54923075,169.0,143.0,0.5161571,147.0,143.0,0.57977074,182.0,130.0,0.6345172,139.0,125.0,0.7241459,186.0,159.0,0.71657705,128.0,155.0,0.66305375,182.0,185.0,0.562019,126.0,180.0,0.67851114,180.0,63.0,0.84280443,158.0,62.0,0.84608865,183.0,104.0,0.34813926,157.0,105.0,0.37248865,177.0,130.0,0.2710303,162.0,129.0,0.37209386
guy3_dog051.jpg,140.0,150.0,0.3266447,144.0,153.0,0.4612918,137.0,153.0,0.58430636,148.0,146.0,0.46911034,130.0,146.0,0.46016046,160.0,126.0,0.7486701,119.0,129.0,0.46278116,171.0,155.0,0.8751327,114.0,159.0,0.6629902,173.0,180.0,0.51111126,118.0,182.0,0.5127723,142.0,61.0,0.76533544,120.0,62.0,0.8438823,149.0,99.0,0.40357396,124.0,104.0,0.45623,143.0,127.0,0.17605497,123.0,124.0,0.42888585
guy3_dog051_flipped.jpg,155.0,146.0,0.42314085,160.0,150.0,0.47707558,152.0,149.0,0.36826992,167.0,143.0,0.53757614,146.0,143.0,0.49389055,180.0,130.0,0.7756938,138.0,125.0,0.6082138,185.0,160.0,0.66781735,128.0,155.0,0.8679747,182.0,183.0,0.66980875,125.0,181.0,0.76438856,177.0,59.0,0.8107454,157.0,59.0,0.85311764,182.0,101.0,0.31518912,155.0,100.0,0.3917539,176.0,129.0,0.22868448,159.0,126.0,0.32176918
guy3_dog052.jpg,142.0,149.0,0.4053377,146.0,151.0,0.5510742,139.0,151.0,0.5105351,151.0,145.0,0.5378477,132.0,145.0,0.5719948,162.0,126.0,0.70566833,120.0,126.0,0.5007224,172.0,155.0,0.7785495,115.0,158.0,0.7841173,175.0,180.0,0.71180165,119.0,180.0,0.35945097,144.0,61.0,0.819294,123.0,61.0,0.76280504,149.0,97.0,0.45019463,123.0,104.0,0.48948744,146.0,126.0,0.24777775,128.0,125.0,0.3715686
guy3_dog052_flipped.jpg,155.0,147.0,0.35202935,159.0,150.0,0.53155327,151.0,150.0,0.4701935,167.0,142.0,0.59388614,145.0,143.0,0.41846138,180.0,126.0,0.739943,138.0,123.0,0.55024534,185.0,157.0,0.75797975,127.0,153.0,0.7674673,183.0,180.0,0.46659377,125.0,179.0,0.60332036,176.0,60.0,0.82659566,154.0,58.0,0.8070112,180.0,103.0,0.39967293,150.0,106.0,0.5028163,172.0,133.0,0.19243963,155.0,128.0,0.30511525
guy3_dog053.jpg,143.0,149.0,0.4420454,147.0,152.0,0.55179405,140.0,152.0,0.51530826,153.0,145.0,0.5626538,133.0,145.0,0.5832177,163.0,124.0,0.6752819,122.0,125.0,0.5184529,172.0,154.0,0.8299071,116.0,157.0,0.5813514,175.0,178.0,0.75214475,121.0,179.0,0.5170634,145.0,59.0,0.784678,124.0,59.0,0.847218,153.0,100.0,0.41642213,127.0,104.0,0.5339466,149.0,128.0,0.1838643,129.0,126.0,0.33196056
guy3_dog053_flipped.jpg,155.0,146.0,0.42368093,159.0,150.0,0.5143702,150.0,149.0,0.5335029,166.0,142.0,0.57517636,144.0,143.0,0.52813613,179.0,127.0,0.5651741,137.0,123.0,0.591904,184.0,157.0,0.5590278,126.0,153.0,0.70227116,182.0,180.0,0.58080244,125.0,179.0,0.8112024,174.0,57.0,0.8416643,152.0,57.0,0.85752827,177.0,103.0,0.37922633,148.0,105.0,0.5885197,171.0,132.0,0.3260104,153.0,128.0,0.346265
guy3_dog054.jpg,144.0,149.0,0.28867152,148.0,152.0,0.49011174,141.0,151.0,0.41809317,153.0,144.0,0.54776245,134.0,144.0,0.48443025,163.0,124.0,0.6499287,123.0,126.0,0.49648973,174.0,155.0,0.85716164,116.0,156.0,0.64059633,175.0,180.0,0.6678375,120.0,180.0,0.5842525,147.0,60.0,0.83330363,126.0,60.0,0.8750752,154.0,99.0,0.47926602,129.0,104.0,0.5741253,148.0,126.0,0.24186938,131.0,127.0,0.43850288
guy3_dog054_flipped.jpg,153.0,144.0,0.37119868,158.0,148.0,0.4579834,149.0,148.0,0.52933025,166.0,139.0,0.54075384,143.0,140.0,0.5522838,177.0,127.0,0.6736163,134.0,125.0,0.51824987,184.0,156.0,0.70888406,126.0,155.0,0.8323359,182.0,180.0,0.5600419,125.0,183.0,0.76506793,172.0,58.0,0.82820845,151.0,57.0,0.61993617,174.0,102.0,0.48264566,146.0,103.0,0.4942043,170.0,133.0,0.2746873,151.0,128.0,0.3184138
guy3_dog055.jpg,146.0,149.0,0.45199177,150.0,152.0,0.46236455,142.0,151.0,0.5148717,155.0,144.0,0.5064347,135.0,144.0,0.49829966,166.0,124.0,0.5964481,125.0,126.0,0.49422732,175.0,155.0,0.7726323,118.0,158.0,0.7115305,177.0,181.0,0.81189847,121.0,182.0,0.67247117,149.0,60.0,0.7811922,128.0,60.0,0.7374768,157.0,100.0,0.35592797,130.0,103.0,0.5049973,150.0,128.0,0.23986825,132.0,128.0,0.41860098
guy3_dog055_flipped.jpg,153.0,143.0,0.37475452,157.0,146.0,0.54554874,149.0,147.0,0.4275781,165.0,140.0,0.55336607,143.0,140.0,0.50311255,176.0,126.0,0.58828545,134.0,124.0,0.5991319,182.0,157.0,0.6944945,125.0,156.0,0.8416207,180.0,181.0,0.6865764,123.0,182.0,0.674296,171.0,57.0,0.8663601,149.0,56.0,0.8460083,173.0,101.0,0.5510005,144.0,104.0,0.52946424,170.0,132.0,0.29738912,149.0,127.0,0.35593432
guy3_dog056.jpg,146.0,147.0,0.40203562,150.0,149.0,0.50364923,144.0,149.0,0.5415939,156.0,142.0,0.50498676,136.0,141.0,0.5802102,166.0,124.0,0.6720587,126.0,125.0,0.55930173,176.0,153.0,0.84695196,118.0,156.0,0.6532699,178.0,179.0,0.6210762,123.0,181.0,0.6853371,151.0,61.0,0.76686835,131.0,61.0,0.7798035,159.0,99.0,0.3467117,132.0,103.0,0.6084801,152.0,125.0,0.20054013,135.0,126.0,0.43881118
guy3_dog056_flipped.jpg,149.0,144.0,0.37109473,154.0,146.0,0.56509566,146.0,147.0,0.3716785,162.0,139.0,0.55416244,140.0,140.0,0.5239918,173.0,125.0,0.6964984,132.0,124.0,0.6208331,180.0,154.0,0.7546704,124.0,153.0,0.81807876,178.0,180.0,0.6706196,123.0,181.0,0.8498299,169.0,58.0,0.8709209,147.0,58.0,0.8497679,170.0,102.0,0.49627796,143.0,103.0,0.56695205,170.0,130.0,0.31469017,148.0,126.0,0.2643419
guy3_dog057.jpg,147.0,146.0,0.3991762,152.0,149.0,0.56297064,145.0,148.0,0.51430523,158.0,143.0,0.5273992,138.0,141.0,0.5811753,169.0,125.0,0.69091076,127.0,127.0,0.4766428,178.0,155.0,0.80445,120.0,158.0,0.6253165,179.0,178.0,0.6028421,123.0,181.0,0.7085823,152.0,61.0,0.70656884,131.0,62.0,0.8155742,160.0,100.0,0.3204008,134.0,103.0,0.53138244,151.0,126.0,0.19267164,135.0,128.0,0.3906622
guy3_dog057_flipped.jpg,149.0,143.0,0.40726212,154.0,147.0,0.3471461,145.0,147.0,0.53518033,162.0,140.0,0.6339321,140.0,140.0,0.56789577,171.0,126.0,0.7032229,130.0,125.0,0.5976715,178.0,155.0,0.553478,122.0,155.0,0.8023674,177.0,180.0,0.71581066,121.0,180.0,0.88035667,166.0,59.0,0.8693021,144.0,59.0,0.84996945,167.0,104.0,0.50106317,140.0,105.0,0.42724627,168.0,134.0,0.34093,146.0,130.0,0.16915931
guy3_dog058.jpg,149.0,148.0,0.290608,154.0,150.0,0.5455272,147.0,149.0,0.368268,161.0,142.0,0.57366914,140.0,142.0,0.4850863,171.0,126.0,0.6959413,129.0,126.0,0.4181224,179.0,159.0,0.7561709,122.0,158.0,0.7761216,179.0,177.0,0.5190038,125.0,180.0,0.42957056,156.0,61.0,0.8305186,135.0,61.0,0.5536934,160.0,97.0,0.52667564,138.0,100.0,0.5351002,156.0,127.0,0.18534994,140.0,129.0,0.40915954
guy3_dog058_flipped.jpg,148.0,144.0,0.42927802,152.0,148.0,0.49942148,144.0,148.0,0.60946053,160.0,140.0,0.5653517,138.0,141.0,0.6430783,170.0,125.0,0.6855872,129.0,126.0,0.4790415,178.0,155.0,0.6467194,120.0,153.0,0.6314805,175.0,178.0,0.6394354,120.0,180.0,0.7917049,164.0,58.0,0.8574247,140.0,58.0,0.80258423,166.0,108.0,0.43987238,136.0,108.0,0.49725825,165.0,139.0,0.2870048,144.0,132.0,0.1818149
guy3_dog059.jpg,152.0,147.0,0.369216,155.0,151.0,0.4671437,148.0,149.0,0.4827212,162.0,143.0,0.4863126,142.0,142.0,0.5333576,173.0,126.0,0.6784251,131.0,126.0,0.45163643,180.0,155.0,0.7078806,123.0,157.0,0.81347686,181.0,179.0,0.6109798,125.0,180.0,0.40519544,159.0,60.0,0.80268764,138.0,60.0,0.8500736,162.0,100.0,0.41920456,139.0,103.0,0.47942823,158.0,127.0,0.20212628,141.0,125.0,0.53631854
guy3_dog059_flipped.jpg,143.0,145.0,0.3445218,149.0,148.0,0.47339788,141.0,148.0,0.56518686,157.0,141.0,0.4942212,136.0,142.0,0.5846583,168.0,126.0,0.59353274,126.0,126.0,0.4868779,176.0,156.0,0.75192547,118.0,156.0,0.8174044,174.0,180.0,0.52871394,119.0,181.0,0.89513355,160.0,59.0,0.8385992,136.0,60.0,0.8024688,161.0,105.0,0.5574133,135.0,105.0,0.54961663,161.0,134.0,0.38383323,146.0,134.0,0.35318524
guy3_dog060.jpg,152.0,146.0,0.36996874,157.0,150.0,0.3300632,149.0,149.0,0.46955547,163.0,143.0,0.49876192,143.0,142.0,0.43958727,175.0,125.0,0.70260847,133.0,127.0,0.39245903,184.0,157.0,0.80973595,126.0,158.0,0.78110665,184.0,178.0,0.66411173,126.0,179.0,0.44587085,161.0,61.0,0.78839684,140.0,61.0,0.8710833,164.0,99.0,0.50826347,143.0,101.0,0.5432155,160.0,127.0,0.21171091,148.0,129.0,0.40338928
guy3_dog060_flipped.jpg,143.0,145.0,0.40831307,148.0,149.0,0.51150835,140.0,149.0,0.44022202,155.0,142.0,0.52379704,134.0,142.0,0.43978938,166.0,127.0,0.58262944,125.0,126.0,0.6424693,174.0,157.0,0.744169,116.0,157.0,0.8466539,173.0,179.0,0.5624623,117.0,181.0,0.8864431,159.0,59.0,0.86893576,136.0,58.0,0.73019975,159.0,105.0,0.49587843,133.0,105.0,0.49301288,158.0,134.0,0.28410152,140.0,131.0,0.2962238
guy3_dog061.jpg,154.0,147.0,0.27837676,158.0,151.0,0.55061376,151.0,151.0,0.4551909,165.0,144.0,0.48845094,145.0,144.0,0.5021705,177.0,127.0,0.68299276,136.0,126.0,0.50745225,185.0,157.0,0.7711663,128.0,156.0,0.8074448,185.0,182.0,0.6287781,128.0,183.0,0.81038666,164.0,62.0,0.8298244,143.0,61.0,0.67102444,169.0,99.0,0.40305117,147.0,99.0,0.4141981,167.0,126.0,0.16367352,148.0,125.0,0.3983141
guy3_dog061_flipped.jpg,141.0,147.0,0.38385603,146.0,150.0,0.44223848,137.0,150.0,0.55273986,153.0,144.0,0.5723702,131.0,144.0,0.5205493,163.0,128.0,0.67396367,122.0,126.0,0.64439523,171.0,159.0,0.6194422,114.0,158.0,0.85204804,172.0,182.0,0.537837,114.0,183.0,0.7479737,154.0,60.0,0.8292201,131.0,60.0,0.6749172,157.0,106.0,0.33710343,131.0,107.0,0.57949674,157.0,135.0,0.33320546,138.0,130.0,0.2306931
guy3_dog062.jpg,155.0,147.0,0.3527011,160.0,151.0,0.494817,153.0,150.0,0.5800499,168.0,144.0,0.5686322,147.0,144.0,0.56642437,179.0,127.0,0.6127741,138.0,127.0,0.33020803,187.0,158.0,0.7413285,129.0,158.0,0.73439956,187.0,183.0,0.7064103,130.0,183.0,0.81686056,167.0,61.0,0.79974055,146.0,61.0,0.8884641,170.0,101.0,0.58640164,147.0,100.0,0.5378636,165.0,130.0,0.18357787,149.0,131.0,0.46442214
guy3_dog062_flipped.jpg,141.0,146.0,0.45347488,145.0,150.0,0.4210471,136.0,150.0,0.5618212,152.0,144.0,0.5722779,131.0,145.0,0.61145973,161.0,128.0,0.7221651,121.0,126.0,0.6433649,170.0,156.0,0.7668036,112.0,159.0,0.8757763,170.0,184.0,0.7842558,113.0,185.0,0.7390072,152.0,62.0,0.7953648,130.0,61.0,0.8551371,155.0,107.0,0.5246834,129.0,111.0,0.5348953,153.0,135.0,0.17336239,138.0,133.0,0.2721619
guy3_dog063.jpg,158.0,149.0,0.35838997,162.0,153.0,0.31170335,154.0,153.0,0.53716975,168.0,144.0,0.5009804,148.0,146.0,0.5348816,180.0,127.0,0.6757402,141.0,128.0,0.4431127,189.0,159.0,0.6636529,131.0,160.0,0.62330866,188.0,187.0,0.58717513,131.0,188.0,0.5323229,169.0,62.0,0.74300086,149.0,62.0,0.8483682,174.0,105.0,0.40626457,150.0,102.0,0.6140716,170.0,128.0,0.2431825,152.0,127.0,0.39703748
guy3_dog063_flipped.jpg,137.0,152.0,0.41080973,142.0,155.0,0.48625436,134.0,155.0,0.48016044,149.0,147.0,0.5268614,128.0,148.0,0.5082861,161.0,130.0,0.66839206,119.0,127.0,0.49790514,168.0,160.0,0.7483008,110.0,160.0,0.7113576,168.0,183.0,0.6045095,111.0,184.0,0.8425418,148.0,60.0,0.86103743,126.0,61.0,0.7362376,150.0,104.0,0.62976015,126.0,109.0,0.56742394,149.0,137.0,0.1931812,134.0,135.0,0.2472613
guy3_dog064.jpg,161.0,149.0,0.38606468,164.0,152.0,0.49711785,157.0,152.0,0.46570963,171.0,143.0,0.5816463,150.0,145.0,0.46431735,183.0,129.0,0.6818172,142.0,130.0,0.51884174,190.0,160.0,0.7546684,133.0,160.0,0.7246747,190.0,188.0,0.6715169,133.0,188.0,0.8975828,171.0,64.0,0.73546493,152.0,65.0,0.8798309,178.0,105.0,0.38910866,152.0,102.0,0.45033035,175.0,131.0,0.2368025,156.0,131.0,0.39702556
guy3_dog064_flipped.jpg,135.0,150.0,0.4420715,140.0,154.0,0.5140935,132.0,153.0,0.44499427,147.0,147.0,0.592835,127.0,147.0,0.51673996,157.0,130.0,0.71066874,117.0,128.0,0.6037289,166.0,160.0,0.72557425,108.0,161.0,0.8562693,167.0,186.0,0.7221884,109.0,187.0,0.87056684,146.0,61.0,0.78594685,124.0,61.0,0.8236954,147.0,105.0,0.5711282,122.0,110.0,0.5414155,147.0,136.0,0.2213656,129.0,133.0,0.28278476
guy3_dog065.jpg,164.0,154.0,0.40978515,168.0,156.0,0.5279007,160.0,157.0,0.53188705,175.0,147.0,0.5278685,152.0,148.0,0.5012648,186.0,131.0,0.5395194,144.0,132.0,0.52155423,193.0,163.0,0.8350846,134.0,162.0,0.81602144,192.0,188.0,0.4563507,134.0,189.0,0.8137761,176.0,63.0,0.8112262,155.0,64.0,0.84622645,180.0,103.0,0.47222257,154.0,104.0,0.49612203,178.0,133.0,0.27456424,156.0,130.0,0.45394254
guy3_dog065_flipped.jpg,133.0,154.0,0.36244473,137.0,158.0,0.57011133,129.0,157.0,0.55093527,142.0,150.0,0.52422714,122.0,149.0,0.44113764,154.0,130.0,0.68371946,113.0,129.0,0.6451905,163.0,163.0,0.75198126,106.0,163.0,0.778082,165.0,189.0,0.62823284,107.0,191.0,0.8615426,141.0,62.0,0.7319367,118.0,63.0,0.81346774,144.0,109.0,0.5761687,120.0,113.0,0.63430536,144.0,137.0,0.18690042,127.0,135.0,0.20055914
guy3_dog066.jpg,166.0,152.0,0.37666154,170.0,155.0,0.4430538,162.0,155.0,0.56498957,179.0,146.0,0.63216776,155.0,148.0,0.5384318,189.0,131.0,0.6692964,145.0,134.0,0.36010987,195.0,163.0,0.7558974,136.0,162.0,0.5851235,193.0,187.0,0.66053593,135.0,188.0,0.7319319,177.0,65.0,0.78273284,157.0,66.0,0.8751249,182.0,107.0,0.5127293,157.0,104.0,0.61188924,179.0,137.0,0.32370788,160.0,134.0,0.50746626
guy3_dog066_flipped.jpg,131.0,153.0,0.3620406,134.0,157.0,0.5145148,127.0,156.0,0.57345957,141.0,150.0,0.54151267,120.0,149.0,0.49939758,154.0,133.0,0.62500304,110.0,132.0,0.4782853,163.0,162.0,0.70306075,103.0,164.0,0.76120925,165.0,189.0,0.6288687,106.0,191.0,0.79923403,140.0,61.0,0.80851376,116.0,62.0,0.6801632,142.0,109.0,0.37691453,117.0,111.0,0.57579947,140.0,138.0,0.1975053,121.0,139.0,0.26330075
guy3_dog067.jpg,168.0,154.0,0.38810167,173.0,156.0,0.52267593,164.0,157.0,0.3797596,182.0,147.0,0.6986556,158.0,149.0,0.47163254,191.0,132.0,0.6567624,148.0,131.0,0.45234662,197.0,165.0,0.8078862,137.0,162.0,0.76643217,197.0,187.0,0.60075057,137.0,190.0,0.78902286,183.0,65.0,0.8094375,161.0,66.0,0.8474294,186.0,107.0,0.39022437,160.0,106.0,0.5187566,184.0,135.0,0.31443602,163.0,132.0,0.38586184
guy3_dog067_flipped.jpg,128.0,157.0,0.29848018,133.0,159.0,0.6024715,125.0,158.0,0.48147267,140.0,151.0,0.6105714,118.0,150.0,0.47645274,153.0,134.0,0.6699093,107.0,132.0,0.5376407,161.0,164.0,0.7446665,101.0,166.0,0.6988952,163.0,188.0,0.73831797,103.0,188.0,0.57675225,136.0,63.0,0.82114035,113.0,64.0,0.8224801,139.0,106.0,0.5697582,114.0,110.0,0.5219809,137.0,140.0,0.1939267,120.0,138.0,0.2143994
guy3_dog068.jpg,170.0,154.0,0.4131398,175.0,156.0,0.5158597,167.0,157.0,0.34917757,182.0,149.0,0.6126323,160.0,150.0,0.5579817,194.0,133.0,0.5305192,150.0,132.0,0.6233276,200.0,166.0,0.81972563,140.0,164.0,0.8146839,198.0,186.0,0.6140839,137.0,188.0,0.5269815,185.0,66.0,0.78113264,164.0,66.0,0.8634332,189.0,106.0,0.39951596,162.0,106.0,0.42598692,186.0,136.0,0.30539563,167.0,134.0,0.4193592
guy3_dog068_flipped.jpg,125.0,154.0,0.35592148,130.0,158.0,0.5099625,122.0,157.0,0.5034087,137.0,151.0,0.56864613,115.0,150.0,0.6551691,150.0,134.0,0.7611368,104.0,134.0,0.43099946,159.0,165.0,0.74189675,99.0,169.0,0.88697904,162.0,190.0,0.79241985,103.0,191.0,0.45173305,133.0,63.0,0.78828436,110.0,65.0,0.8338302,137.0,107.0,0.5690881,112.0,110.0,0.5353158,134.0,140.0,0.23514114,116.0,140.0,0.35541064
guy3_dog069.jpg,173.0,156.0,0.3939217,178.0,158.0,0.47897458,168.0,159.0,0.44845077,186.0,150.0,0.6338191,162.0,151.0,0.4705012,196.0,136.0,0.67835176,152.0,133.0,0.6540666,202.0,170.0,0.79072535,141.0,166.0,0.70240974,201.0,190.0,0.4020392,139.0,192.0,0.7392962,190.0,66.0,0.83035845,167.0,66.0,0.6828572,191.0,106.0,0.36730483,164.0,106.0,0.47738665,189.0,139.0,0.32813796,168.0,131.0,0.41859812
guy3_dog069_flipped.jpg,123.0,154.0,0.3829009,128.0,159.0,0.44221288,121.0,158.0,0.3692801,135.0,151.0,0.59552765,114.0,151.0,0.5711967,148.0,134.0,0.77000684,103.0,136.0,0.39877826,159.0,166.0,0.7160325,98.0,168.0,0.79002035,160.0,193.0,0.7478789,100.0,193.0,0.6166371,130.0,65.0,0.8045646,107.0,66.0,0.8568055,135.0,113.0,0.5241372,109.0,113.0,0.5243055,130.0,141.0,0.27390158,113.0,142.0,0.36654904
guy3_dog070.jpg,175.0,156.0,0.38055918,179.0,158.0,0.41654652,170.0,160.0,0.4401334,188.0,152.0,0.5525464,163.0,153.0,0.49200708,197.0,135.0,0.6245593,154.0,133.0,0.65707743,204.0,167.0,0.81853855,142.0,166.0,0.7098263,201.0,195.0,0.6482972,140.0,195.0,0.754768,192.0,66.0,0.7752322,169.0,67.0,0.82133377,194.0,110.0,0.5375904,165.0,109.0,0.48298544,193.0,141.0,0.42839837,169.0,133.0,0.31628245
guy3_dog070_flipped.jpg,122.0,155.0,0.3404794,126.0,160.0,0.3894335,118.0,159.0,0.44143766,133.0,151.0,0.537948,112.0,152.0,0.5943882,146.0,135.0,0.72105515,101.0,137.0,0.40489674,156.0,166.0,0.7975225,96.0,169.0,0.76502866,159.0,193.0,0.6791605,99.0,195.0,0.5628449,128.0,66.0,0.8290489,105.0,68.0,0.8815501,132.0,110.0,0.5021735,108.0,112.0,0.47419378,129.0,137.0,0.18616205,108.0,140.0,0.37495494
guy3_dog071.jpg,176.0,156.0,0.38214725,180.0,159.0,0.46488282,172.0,160.0,0.4752143,189.0,151.0,0.6996234,166.0,153.0,0.4108164,200.0,135.0,0.7077555,155.0,134.0,0.47021925,206.0,169.0,0.8136426,143.0,167.0,0.78080404,203.0,193.0,0.73980117,140.0,194.0,0.79430723,194.0,68.0,0.8126094,172.0,68.0,0.8641188,196.0,109.0,0.49933589,167.0,108.0,0.46329114,194.0,143.0,0.34987465,171.0,133.0,0.38409552
guy3_dog071_flipped.jpg,120.0,157.0,0.354383,125.0,161.0,0.3440252,117.0,160.0,0.5001091,132.0,152.0,0.5639558,110.0,154.0,0.6103495,144.0,136.0,0.682899,99.0,138.0,0.51125133,156.0,168.0,0.70278156,93.0,171.0,0.6974517,161.0,195.0,0.704098,98.0,197.0,0.65984905,125.0,67.0,0.8242496,101.0,69.0,0.8651573,128.0,112.0,0.38466385,104.0,113.0,0.41217706,127.0,136.0,0.1560445,103.0,140.0,0.41382876
guy3_dog072.jpg,176.0,160.0,0.36768183,179.0,164.0,0.51324016,172.0,164.0,0.4711923,190.0,156.0,0.6313637,165.0,156.0,0.4618416,202.0,140.0,0.7044625,156.0,137.0,0.5739789,207.0,173.0,0.8398485,145.0,168.0,0.59596205,203.0,196.0,0.6930959,142.0,197.0,0.72809935,197.0,68.0,0.7708869,175.0,68.0,0.81749415,197.0,110.0,0.43332663,172.0,107.0,0.6374444,195.0,142.0,0.34800303,174.0,135.0,0.47579527
guy3_dog072_flipped.jpg,120.0,160.0,0.37708965,125.0,164.0,0.4319004,117.0,164.0,0.3994484,131.0,155.0,0.5249382,109.0,157.0,0.5972367,143.0,135.0,0.5810256,98.0,139.0,0.44522464,154.0,168.0,0.8461092,92.0,172.0,0.88191354,158.0,196.0,0.88278395,96.0,201.0,0.7745862,123.0,68.0,0.7924512,99.0,69.0,0.64759076,127.0,110.0,0.47581163,104.0,110.0,0.42883444,125.0,139.0,0.1575663,105.0,138.0,0.2947819
guy3_dog073.jpg,177.0,160.0,0.37597245,181.0,163.0,0.40933412,172.0,163.0,0.5330441,189.0,156.0,0.5678608,165.0,156.0,0.5400633,203.0,140.0,0.69504523,156.0,139.0,0.55034304,209.0,172.0,0.8169993,147.0,169.0,0.77705383,205.0,198.0,0.8336747,143.0,198.0,0.8249827,201.0,68.0,0.77097285,178.0,68.0,0.77588,201.0,115.0,0.37770566,173.0,111.0,0.56384957,197.0,145.0,0.30418783,178.0,141.0,0.5544821
guy3_dog073_flipped.jpg,120.0,163.0,0.3436284,125.0,165.0,0.45707467,116.0,166.0,0.57676715,130.0,155.0,0.5143312,108.0,158.0,0.61940503,141.0,137.0,0.7972503,95.0,141.0,0.51452315,153.0,169.0,0.82053804,89.0,175.0,0.828831,158.0,199.0,0.6092968,96.0,201.0,0.7904123,120.0,67.0,0.8582413,96.0,70.0,0.8864691,126.0,114.0,0.62778187,101.0,116.0,0.5981941,125.0,144.0,0.23005787,102.0,146.0,0.29835504
guy3_dog074.jpg,178.0,162.0,0.38251603,183.0,166.0,0.4650294,174.0,165.0,0.54970264,191.0,157.0,0.5243702,167.0,156.0,0.4397884,205.0,140.0,0.76346695,159.0,138.0,0.56074744,210.0,174.0,0.80991685,147.0,170.0,0.7454537,206.0,195.0,0.62707627,144.0,197.0,0.72073525,201.0,72.0,0.7699226,180.0,71.0,0.615959,203.0,112.0,0.37892383,174.0,111.0,0.45501155,196.0,146.0,0.23109344,180.0,140.0,0.5271666
guy3_dog074_flipped.jpg,117.0,168.0,0.42002603,122.0,170.0,0.4821046,114.0,170.0,0.4880085,127.0,159.0,0.49355254,106.0,160.0,0.59020853,139.0,140.0,0.8214769,93.0,140.0,0.64259315,152.0,170.0,0.84829044,89.0,177.0,0.8860465,156.0,200.0,0.7656549,93.0,201.0,0.7343152,117.0,69.0,0.7279892,94.0,71.0,0.77267206,126.0,118.0,0.33299565,99.0,119.0,0.44746727,121.0,142.0,0.16364779,99.0,141.0,0.23365386
guy3_dog075.jpg,180.0,163.0,0.40280834,184.0,166.0,0.44640008,176.0,166.0,0.43655443,194.0,158.0,0.4270248,170.0,158.0,0.45814013,207.0,139.0,0.6678251,162.0,137.0,0.49613136,212.0,175.0,0.7294481,148.0,169.0,0.7428487,206.0,195.0,0.4860963,143.0,197.0,0.7441981,206.0,69.0,0.81402934,183.0,69.0,0.61712617,206.0,112.0,0.4052468,178.0,110.0,0.56297255,200.0,143.0,0.25520322,183.0,142.0,0.54656935
guy3_dog075_flipped.jpg,115.0,167.0,0.2985607,120.0,169.0,0.48713267,112.0,169.0,0.55046296,126.0,159.0,0.529607,103.0,160.0,0.50055134,137.0,139.0,0.71014965,92.0,140.0,0.58894897,151.0,170.0,0.895269,87.0,176.0,0.8505627,156.0,200.0,0.60211,93.0,202.0,0.6561097,116.0,66.0,0.80368316,92.0,69.0,0.7336819,122.0,115.0,0.52661943,96.0,120.0,0.6184228,119.0,144.0,0.20534213,99.0,144.0,0.20652205
guy3_dog076.jpg,181.0,164.0,0.39566016,186.0,167.0,0.45748752,177.0,166.0,0.34342033,195.0,159.0,0.51849604,171.0,158.0,0.52646947,209.0,141.0,0.5125058,162.0,140.0,0.37023425,212.0,176.0,0.81228733,149.0,171.0,0.7907473,208.0,196.0,0.60116345,145.0,199.0,0.82058144,209.0,71.0,0.85438275,187.0,70.0,0.5981504,209.0,111.0,0.40461507,182.0,106.0,0.61297417,205.0,140.0,0.25952137,186.0,141.0,0.50062644
guy3_dog076_flipped.jpg,113.0,166.0,0.39927563,118.0,169.0,0.50609386,111.0,169.0,0.43345928,123.0,159.0,0.5423554,101.0,160.0,0.46855307,135.0,139.0,0.7282204,89.0,142.0,0.5409802,150.0,171.0,0.7703632,85.0,178.0,0.8625743,155.0,199.0,0.506943,92.0,202.0,0.4843307,112.0,68.0,0.8520046,88.0,71.0,0.75120246,119.0,115.0,0.49825874,93.0,117.0,0.65036225,115.0,143.0,0.21991803,96.0,144.0,0.2842269
guy3_dog077.jpg,181.0,162.0,0.3173399,186.0,166.0,0.35628477,177.0,166.0,0.58274436,196.0,158.0,0.53116274,172.0,159.0,0.538797,209.0,143.0,0.58828497,164.0,140.0,0.674703,215.0,177.0,0.78310674,151.0,170.0,0.7052466,208.0,198.0,0.60865736,145.0,200.0,0.8767264,211.0,72.0,0.84502447,189.0,70.0,0.8101844,212.0,118.0,0.37547782,191.0,113.0,0.40039077,207.0,142.0,0.25106934,191.0,142.0,0.2929094
guy3_dog077_flipped.jpg,114.0,168.0,0.3719393,118.0,171.0,0.40031335,111.0,171.0,0.5452826,123.0,161.0,0.5730473,101.0,162.0,0.5279826,136.0,140.0,0.710737,88.0,142.0,0.6508428,148.0,173.0,0.8462236,84.0,179.0,0.7808892,155.0,202.0,0.5949181,92.0,204.0,0.6353407,110.0,69.0,0.76230913,86.0,71.0,0.7158941,117.0,117.0,0.49007273,90.0,124.0,0.5558312,111.0,145.0,0.1915306,92.0,149.0,0.19897957
guy3_dog078.jpg,183.0,165.0,0.40940177,187.0,168.0,0.36088875,178.0,168.0,0.51781505,198.0,161.0,0.52525824,173.0,161.0,0.5560224,211.0,145.0,0.53167367,164.0,141.0,0.5464505,215.0,180.0,0.71443486,150.0,172.0,0.7886727,209.0,203.0,0.6134283,145.0,203.0,0.75165385,212.0,72.0,0.7642617,190.0,70.0,0.87395775,215.0,117.0,0.43048862,193.0,110.0,0.5824611,211.0,147.0,0.29903486,194.0,143.0,0.23992364
guy3_dog078_flipped.jpg,114.0,170.0,0.3853044,119.0,172.0,0.4846354,110.0,173.0,0.57155204,124.0,162.0,0.49523345,100.0,163.0,0.6096424,134.0,140.0,0.6336607,87.0,143.0,0.5303307,148.0,173.0,0.8815127,84.0,180.0,0.6150459,154.0,203.0,0.8271446,91.0,207.0,0.80182445,110.0,70.0,0.81247497,85.0,73.0,0.73762226,118.0,122.0,0.57571244,88.0,130.0,0.59929186,114.0,150.0,0.20927,92.0,154.0,0.20462446
guy3_dog079.jpg,183.0,167.0,0.38725403,187.0,169.0,0.48196346,180.0,170.0,0.471707,199.0,160.0,0.66054606,174.0,162.0,0.5247824,213.0,147.0,0.650773,166.0,143.0,0.5996722,217.0,182.0,0.8062506,152.0,174.0,0.8066691,210.0,205.0,0.66884714,146.0,205.0,0.78695476,216.0,73.0,0.69054705,193.0,72.0,0.68093944,217.0,122.0,0.44079608,196.0,119.0,0.32014444,209.0,152.0,0.30829495,196.0,151.0,0.34589267
guy3_dog079_flipped.jpg,113.0,171.0,0.31621742,117.0,173.0,0.41964406,108.0,173.0,0.54544455,121.0,162.0,0.5173512,98.0,164.0,0.6144807,132.0,141.0,0.6495621,84.0,143.0,0.54500747,147.0,173.0,0.8073217,83.0,182.0,0.7826983,153.0,204.0,0.8001313,92.0,211.0,0.9049647,108.0,70.0,0.8113559,82.0,74.0,0.7529671,116.0,121.0,0.5500957,87.0,125.0,0.60019,110.0,142.0,0.24006236,88.0,148.0,0.2033586
guy3_dog080.jpg,187.0,167.0,0.46524382,190.0,170.0,0.62182426,183.0,170.0,0.50089884,200.0,163.0,0.58864796,178.0,162.0,0.5142111,215.0,148.0,0.4828162,167.0,142.0,0.5914935,218.0,182.0,0.67451257,153.0,173.0,0.73351556,210.0,210.0,0.61007845,145.0,204.0,0.86281455,220.0,73.0,0.77997285,195.0,71.0,0.8485237,219.0,127.0,0.41077828,200.0,122.0,0.3166662,217.0,150.0,0.28385845,203.0,144.0,0.20356388
guy3_dog080_flipped.jpg,110.0,169.0,0.4097801,116.0,171.0,0.47968054,108.0,172.0,0.5098071,121.0,161.0,0.56727105,97.0,164.0,0.6259177,132.0,142.0,0.83539665,82.0,146.0,0.40746704,146.0,175.0,0.8267089,82.0,185.0,0.7167975,154.0,205.0,0.88845944,90.0,210.0,0.78488123,105.0,70.0,0.84857047,79.0,73.0,0.808322,112.0,117.0,0.58128375,84.0,121.0,0.45934597,104.0,143.0,0.14240626,83.0,146.0,0.235404
guy3_dog081.jpg,185.0,167.0,0.35144934,191.0,171.0,0.5654998,181.0,171.0,0.55341315,202.0,163.0,0.5452903,175.0,162.0,0.5637654,216.0,146.0,0.6160046,168.0,142.0,0.6718214,217.0,182.0,0.8683532,152.0,173.0,0.8462616,207.0,212.0,0.8229321,145.0,204.0,0.74261355,220.0,71.0,0.7481787,197.0,70.0,0.77065027,226.0,120.0,0.4167244,202.0,120.0,0.25316793,222.0,152.0,0.40317386,211.0,147.0,0.32682782
guy3_dog081_flipped.jpg,111.0,168.0,0.3783021,116.0,171.0,0.38918248,107.0,172.0,0.44534752,120.0,162.0,0.5358355,97.0,165.0,0.6033908,128.0,141.0,0.6884884,83.0,145.0,0.3271649,144.0,173.0,0.7881704,81.0,182.0,0.6785643,155.0,204.0,0.71827185,92.0,214.0,0.82376957,101.0,67.0,0.7265234,78.0,69.0,0.7056731,108.0,119.0,0.40684125,81.0,126.0,0.58095545,95.0,145.0,0.20832995,78.0,151.0,0.33967477
guy3_dog082.jpg,186.0,167.0,0.37537763,191.0,173.0,0.4172839,180.0,171.0,0.51881444,202.0,164.0,0.6055131,175.0,163.0,0.53389215,217.0,146.0,0.6045443,169.0,143.0,0.5748998,219.0,184.0,0.6902424,153.0,173.0,0.74672043,207.0,214.0,0.7302339,145.0,206.0,0.71242696,223.0,70.0,0.82799524,198.0,70.0,0.72390395,226.0,119.0,0.28990597,200.0,115.0,0.3120506,223.0,153.0,0.3720225,211.0,148.0,0.31248182
guy3_dog082_flipped.jpg,111.0,169.0,0.3888779,115.0,172.0,0.51434416,107.0,173.0,0.5525388,120.0,162.0,0.6162056,97.0,165.0,0.6992116,131.0,142.0,0.6618953,83.0,146.0,0.5311916,145.0,174.0,0.8603239,80.0,185.0,0.6968902,155.0,206.0,0.85142446,91.0,210.0,0.7681273,103.0,70.0,0.829358,76.0,74.0,0.7824232,110.0,119.0,0.6070355,80.0,129.0,0.4484758,103.0,149.0,0.2468445,78.0,153.0,0.22946706
guy3_dog083.jpg,188.0,169.0,0.43816376,192.0,173.0,0.5472904,181.0,173.0,0.6048922,203.0,165.0,0.6125034,177.0,164.0,0.45061025,218.0,146.0,0.55798805,170.0,142.0,0.54405606,219.0,184.0,0.7447231,153.0,174.0,0.82245916,207.0,216.0,0.77865577,143.0,207.0,0.80168575,225.0,71.0,0.81303716,199.0,70.0,0.8021431,228.0,120.0,0.44400385,206.0,120.0,0.36153096,228.0,158.0,0.40058476,212.0,150.0,0.2433994
guy3_dog083_flipped.jpg,108.0,172.0,0.35586235,112.0,175.0,0.5006598,104.0,175.0,0.56912017,118.0,166.0,0.39083087,94.0,167.0,0.503698,129.0,141.0,0.6603358,81.0,147.0,0.48534855,145.0,176.0,0.6981279,80.0,185.0,0.77456725,155.0,205.0,0.7298325,87.0,206.0,0.35713053,100.0,71.0,0.82281375,73.0,74.0,0.70107245,105.0,118.0,0.36801502,73.0,123.0,0.49653184,99.0,152.0,0.24091929,71.0,159.0,0.5442995
guy3_dog084.jpg,187.0,170.0,0.46085277,192.0,174.0,0.6128675,182.0,173.0,0.64575803,203.0,165.0,0.60719854,176.0,164.0,0.45600477,219.0,149.0,0.41829532,169.0,143.0,0.5328357,220.0,185.0,0.78275234,152.0,176.0,0.9068197,207.0,216.0,0.81891406,143.0,208.0,0.8829864,226.0,71.0,0.84782386,201.0,70.0,0.76716095,230.0,123.0,0.5828066,208.0,118.0,0.37675944,233.0,159.0,0.53182286,211.0,151.0,0.18764846
guy3_dog084_flipped.jpg,107.0,171.0,0.35443023,113.0,174.0,0.4375668,105.0,174.0,0.47479862,118.0,164.0,0.6250442,95.0,167.0,0.6394321,129.0,143.0,0.8338473,80.0,148.0,0.487235,145.0,178.0,0.7879329,80.0,187.0,0.81977075,155.0,207.0,0.60735,88.0,208.0,0.33086085,98.0,72.0,0.8420525,71.0,75.0,0.82705265,100.0,120.0,0.42683643,71.0,126.0,0.51473975,94.0,156.0,0.24548979,68.0,162.0,0.5937532
guy3_dog085.jpg,187.0,171.0,0.43914586,191.0,175.0,0.58179545,182.0,175.0,0.61714756,202.0,166.0,0.6337861,176.0,166.0,0.6659806,218.0,150.0,0.5016792,169.0,143.0,0.4918689,218.0,187.0,0.76189864,151.0,177.0,0.91582125,206.0,219.0,0.65385914,144.0,208.0,0.89007014,227.0,69.0,0.83254194,202.0,68.0,0.82448435,234.0,123.0,0.60570407,210.0,120.0,0.4902719,235.0,163.0,0.5322546,229.0,159.0,0.48517627
guy3_dog085_flipped.jpg,109.0,173.0,0.40649655,114.0,176.0,0.44233492,106.0,177.0,0.44092038,119.0,165.0,0.6004929,96.0,168.0,0.5304378,129.0,143.0,0.79372734,80.0,149.0,0.5372949,144.0,176.0,0.774439,80.0,188.0,0.8322464,156.0,208.0,0.48265013,90.0,211.0,0.34703946,95.0,71.0,0.8395934,69.0,73.0,0.74995595,99.0,121.0,0.46056548,68.0,125.0,0.71571505,92.0,154.0,0.16638502,65.0,162.0,0.5739309
guy3_dog086.jpg,187.0,171.0,0.40314034,191.0,175.0,0.5486042,181.0,175.0,0.54726934,201.0,166.0,0.5696355,176.0,166.0,0.6099149,217.0,149.0,0.4934962,170.0,143.0,0.41702726,218.0,186.0,0.7830769,152.0,177.0,0.8631556,206.0,218.0,0.6580044,142.0,208.0,0.7918377,226.0,71.0,0.76589113,201.0,71.0,0.76219654,235.0,122.0,0.61009294,210.0,119.0,0.43033844,237.0,163.0,0.4894254,232.0,161.0,0.48505914
guy3_dog086_flipped.jpg,109.0,173.0,0.33981827,115.0,175.0,0.50383234,107.0,177.0,0.54176664,121.0,164.0,0.5765586,98.0,168.0,0.6438745,129.0,144.0,0.6969854,78.0,148.0,0.58741486,145.0,177.0,0.8923281,81.0,189.0,0.7217878,157.0,208.0,0.83158225,91.0,213.0,0.53620493,94.0,74.0,0.82490766,66.0,75.0,0.6691458,100.0,122.0,0.40169302,67.0,128.0,0.73078805,87.0,151.0,0.19847639,63.0,164.0,0.58359295
guy3_dog087.jpg,187.0,170.0,0.42566565,191.0,174.0,0.5135352,181.0,175.0,0.5712441,200.0,166.0,0.6503184,176.0,166.0,0.6587285,215.0,149.0,0.5830638,170.0,143.0,0.48769817,217.0,188.0,0.5301564,151.0,179.0,0.822471,203.0,220.0,0.74296325,140.0,210.0,0.6764142,228.0,72.0,0.78151876,203.0,72.0,0.84145474,236.0,123.0,0.6785588,215.0,126.0,0.47048253,238.0,164.0,0.62410897,233.0,161.0,0.50016844
guy3_dog087_flipped.jpg,109.0,173.0,0.4762513,115.0,175.0,0.4608415,107.0,176.0,0.52170664,120.0,164.0,0.6099895,97.0,168.0,0.5521534,128.0,143.0,0.62622225,78.0,147.0,0.488612,145.0,178.0,0.88510555,81.0,189.0,0.7419747,158.0,209.0,0.72747487,89.0,209.0,0.4879277,93.0,74.0,0.86585397,65.0,76.0,0.83824015,95.0,120.0,0.46710703,64.0,126.0,0.6644474,85.0,147.0,0.12665187,61.0,164.0,0.61804974
guy3_dog088.jpg,187.0,171.0,0.43358898,191.0,175.0,0.51382923,181.0,175.0,0.58370817,201.0,166.0,0.58515227,176.0,166.0,0.67468685,216.0,150.0,0.57369566,172.0,142.0,0.67518747,217.0,189.0,0.85739684,151.0,177.0,0.8843721,202.0,221.0,0.8124761,140.0,208.0,0.82889736,230.0,72.0,0.9162041,204.0,71.0,0.84729147,237.0,123.0,0.8034588,215.0,122.0,0.498281,240.0,165.0,0.5345789,233.0,161.0,0.53560376
guy3_dog088_flipped.jpg,109.0,174.0,0.40872,115.0,175.0,0.5764324,108.0,176.0,0.49038318,122.0,163.0,0.6201482,97.0,167.0,0.66018903,128.0,145.0,0.6378534,77.0,149.0,0.45516056,146.0,179.0,0.85102856,82.0,189.0,0.8522801,161.0,210.0,0.46771407,91.0,211.0,0.37757498,92.0,73.0,0.8595718,65.0,75.0,0.70647633,93.0,118.0,0.53513706,62.0,127.0,0.64319944,84.0,143.0,0.12784766,60.0,164.0,0.6936511
guy3_dog089.jpg,186.0,172.0,0.4448566,190.0,176.0,0.528767,181.0,176.0,0.5323914,200.0,167.0,0.6792331,176.0,166.0,0.6847012,216.0,151.0,0.6553488,170.0,143.0,0.4839278,217.0,190.0,0.8936809,151.0,178.0,0.6994915,202.0,221.0,0.7970505,138.0,210.0,0.7667364,232.0,71.0,0.8360176,206.0,70.0,0.8349846,239.0,123.0,0.6635661,215.0,121.0,0.49970666,241.0,166.0,0.625687,235.0,162.0,0.4816026
guy3_dog089_flipped.jpg,110.0,172.0,0.46371472,116.0,174.0,0.43298563,109.0,175.0,0.5730016,122.0,163.0,0.65452456,98.0,168.0,0.73638093,128.0,144.0,0.7056893,78.0,151.0,0.5490644,146.0,179.0,0.9313188,82.0,189.0,0.7111736,161.0,209.0,0.81703365,93.0,213.0,0.49094462,91.0,72.0,0.841807,65.0,74.0,0.79817885,93.0,115.0,0.54649925,62.0,124.0,0.7343011,83.0,144.0,0.15307277,59.0,165.0,0.675494
guy3_dog090.jpg,186.0,172.0,0.40774474,189.0,176.0,0.57511455,180.0,175.0,0.43442905,199.0,166.0,0.6972548,175.0,166.0,0.6867181,215.0,152.0,0.7238233,169.0,143.0,0.52024007,216.0,189.0,0.6179552,149.0,180.0,0.89730096,199.0,222.0,0.8176952,137.0,210.0,0.6723485,235.0,70.0,0.9051107,208.0,69.0,0.86109483,240.0,123.0,0.74525785,219.0,122.0,0.51623875,243.0,168.0,0.5727617,236.0,162.0,0.43551594
guy3_dog090_flipped.jpg,111.0,173.0,0.47273794,117.0,175.0,0.5855268,109.0,177.0,0.46909,121.0,165.0,0.59466314,97.0,168.0,0.484248,127.0,142.0,0.8269429,80.0,149.0,0.61175096,146.0,179.0,0.8464884,83.0,192.0,0.84372085,162.0,210.0,0.77026546,99.0,222.0,0.6248769,90.0,68.0,0.79738414,62.0,72.0,0.8006786,86.0,121.0,0.5285551,59.0,127.0,0.76664084,61.0,159.0,0.39093095,56.0,166.0,0.65935934
guy3_dog091.jpg,185.0,171.0,0.36968347,189.0,175.0,0.5810773,180.0,175.0,0.48671305,199.0,165.0,0.63808656,174.0,166.0,0.64563745,215.0,149.0,0.64355135,169.0,142.0,0.551325,215.0,190.0,0.74615234,149.0,179.0,0.8566685,198.0,222.0,0.86881983,136.0,210.0,0.65850985,235.0,71.0,0.9087416,207.0,69.0,0.8606763,240.0,125.0,0.743731,215.0,123.0,0.5200173,245.0,166.0,0.6560033,237.0,163.0,0.4558518
guy3_dog091_flipped.jpg,113.0,173.0,0.48749992,118.0,175.0,0.59242135,110.0,176.0,0.42656043,123.0,164.0,0.6246662,99.0,168.0,0.60871315,127.0,143.0,0.70273125,80.0,150.0,0.47570536,148.0,178.0,0.8864602,85.0,192.0,0.8583464,165.0,209.0,0.6169953,96.0,212.0,0.2594509,89.0,71.0,0.8386147,62.0,73.0,0.75801724,88.0,120.0,0.57311785,60.0,128.0,0.7131686,74.0,160.0,0.2731868,55.0,168.0,0.614907
guy3_dog092.jpg,186.0,171.0,0.41546494,189.0,175.0,0.59271467,180.0,175.0,0.44322196,198.0,165.0,0.61822426,174.0,166.0,0.6000291,213.0,151.0,0.68948376,168.0,142.0,0.58678645,212.0,189.0,0.9096536,147.0,179.0,0.875965,195.0,222.0,0.7333816,134.0,210.0,0.6733928,235.0,70.0,0.8643912,207.0,70.0,0.861907,241.0,123.0,0.763449,219.0,122.0,0.42405447,245.0,169.0,0.65112764,232.0,166.0,0.3466776
guy3_dog092_flipped.jpg,113.0,176.0,0.5081067,117.0,178.0,0.5555121,111.0,179.0,0.5199281,122.0,166.0,0.5468919,99.0,169.0,0.5648966,127.0,143.0,0.6519928,80.0,149.0,0.45334125,149.0,180.0,0.8430788,85.0,191.0,0.80273306,165.0,210.0,0.63962555,97.0,212.0,0.28919896,89.0,72.0,0.7579878,61.0,75.0,0.874069,85.0,122.0,0.59729373,58.0,129.0,0.74015534,63.0,165.0,0.3936534,54.0,170.0,0.67389035
guy3_dog093.jpg,185.0,171.0,0.36183384,188.0,175.0,0.57840955,180.0,175.0,0.45313865,197.0,165.0,0.5874001,174.0,166.0,0.6099881,213.0,153.0,0.50458467,168.0,142.0,0.620783,212.0,190.0,0.70894027,146.0,178.0,0.8651756,193.0,224.0,0.79487646,133.0,209.0,0.8225453,237.0,69.0,0.8788705,207.0,69.0,0.7189075,243.0,127.0,0.5749541,220.0,124.0,0.4902196,246.0,170.0,0.5540482,236.0,164.0,0.5405232
guy3_dog093_flipped.jpg,115.0,175.0,0.47954032,121.0,178.0,0.5906273,112.0,179.0,0.5127204,125.0,166.0,0.66113555,100.0,169.0,0.5193535,130.0,144.0,0.64401984,81.0,149.0,0.6041685,152.0,178.0,0.84139115,86.0,191.0,0.76844746,167.0,209.0,0.62926364,98.0,209.0,0.28071725,89.0,74.0,0.91770697,61.0,75.0,0.8708969,88.0,123.0,0.59003294,56.0,131.0,0.8587453,68.0,165.0,0.3997673,52.0,171.0,0.7372852
guy3_dog094.jpg,185.0,171.0,0.35186636,188.0,175.0,0.5768759,178.0,175.0,0.5039953,196.0,166.0,0.5605656,173.0,166.0,0.51082766,211.0,153.0,0.5470048,166.0,142.0,0.60420865,211.0,191.0,0.7476437,145.0,179.0,0.85997176,192.0,224.0,0.7911509,131.0,209.0,0.71268946,237.0,69.0,0.8281313,208.0,69.0,0.7214923,243.0,126.0,0.61074084,221.0,123.0,0.50248647,247.0,169.0,0.5852984,238.0,165.0,0.5519566
guy3_dog094_flipped.jpg,115.0,177.0,0.42443252,120.0,180.0,0.4753072,113.0,180.0,0.46439174,126.0,166.0,0.6040692,100.0,169.0,0.57814485,130.0,143.0,0.6515173,83.0,149.0,0.6134542,153.0,178.0,0.89990354,88.0,192.0,0.82636285,167.0,209.0,0.6107062,99.0,210.0,0.199822,87.0,72.0,0.8848974,62.0,74.0,0.7812881,87.0,123.0,0.52317536,56.0,132.0,0.8353484,63.0,166.0,0.45632893,51.0,171.0,0.69591486
guy3_dog095.jpg,183.0,170.0,0.43368253,186.0,175.0,0.49696362,176.0,174.0,0.5342392,195.0,166.0,0.6714897,170.0,166.0,0.6499702,211.0,154.0,0.5363469,165.0,143.0,0.6901764,209.0,192.0,0.88857687,144.0,178.0,0.89240974,188.0,224.0,0.85567385,129.0,210.0,0.67618525,237.0,69.0,0.74298215,209.0,69.0,0.7411381,244.0,127.0,0.78405136,223.0,125.0,0.43446484,249.0,169.0,0.64450943,238.0,166.0,0.5340184
guy3_dog095_flipped.jpg,116.0,179.0,0.39909402,122.0,180.0,0.51035273,113.0,181.0,0.61070037,127.0,167.0,0.5522926,102.0,170.0,0.6871487,132.0,144.0,0.83124936,84.0,149.0,0.5950111,155.0,177.0,0.80979353,89.0,190.0,0.8035554,170.0,208.0,0.8208233,100.0,211.0,0.2248693,86.0,73.0,0.89113504,62.0,74.0,0.7763678,85.0,124.0,0.5405307,55.0,131.0,0.83604246,62.0,169.0,0.5566764,49.0,173.0,0.67315876
guy3_dog096.jpg,182.0,170.0,0.38867894,184.0,175.0,0.5168762,175.0,175.0,0.4693825,192.0,166.0,0.67143786,169.0,165.0,0.6242963,209.0,150.0,0.7021133,164.0,142.0,0.75915146,208.0,190.0,0.78657925,143.0,177.0,0.9024722,186.0,222.0,0.8417949,127.0,211.0,0.5903827,237.0,70.0,0.8632323,209.0,69.0,0.79068714,244.0,130.0,0.63345444,225.0,126.0,0.45774925,250.0,170.0,0.5503979,237.0,167.0,0.5023161
guy3_dog096_flipped.jpg,118.0,178.0,0.38761398,124.0,180.0,0.5726714,116.0,181.0,0.38554353,128.0,168.0,0.5328959,104.0,171.0,0.47893426,134.0,144.0,0.5684786,85.0,148.0,0.6654178,158.0,180.0,0.81594676,91.0,190.0,0.70715,173.0,208.0,0.73981696,103.0,208.0,0.14579967,89.0,71.0,0.91415435,62.0,74.0,0.8811692,84.0,125.0,0.595886,54.0,131.0,0.7443854,61.0,167.0,0.578925,48.0,172.0,0.7538267
guy3_dog097.jpg,181.0,170.0,0.33381504,183.0,175.0,0.54024416,172.0,174.0,0.57508445,191.0,167.0,0.69110006,168.0,166.0,0.49871653,207.0,150.0,0.7154958,163.0,141.0,0.6045569,205.0,191.0,0.8197815,141.0,177.0,0.8531389,184.0,222.0,0.9129584,125.0,210.0,0.8123693,236.0,71.0,0.7595613,211.0,70.0,0.83106714,244.0,131.0,0.73862505,227.0,130.0,0.53016186,249.0,170.0,0.54813933,238.0,167.0,0.6034187
guy3_dog097_flipped.jpg,117.0,179.0,0.36914673,124.0,180.0,0.5279393,115.0,182.0,0.5898571,128.0,167.0,0.54281455,104.0,171.0,0.6156491,134.0,143.0,0.6796799,84.0,147.0,0.45131424,159.0,179.0,0.6520115,92.0,191.0,0.81973237,175.0,209.0,0.6927432,105.0,211.0,0.21502037,87.0,69.0,0.931111,61.0,73.0,0.851344,81.0,126.0,0.6039437,54.0,132.0,0.7624325,61.0,167.0,0.5357827,47.0,172.0,0.65569615
guy3_dog098.jpg,178.0,171.0,0.37290093,181.0,177.0,0.43466008,171.0,176.0,0.42750916,189.0,168.0,0.70137155,165.0,166.0,0.66521984,205.0,152.0,0.7877332,162.0,141.0,0.6729202,204.0,192.0,0.8381729,139.0,178.0,0.68086374,180.0,223.0,0.7456982,122.0,209.0,0.7810992,236.0,71.0,0.7327105,209.0,70.0,0.7543575,244.0,132.0,0.83697134,224.0,129.0,0.5760099,249.0,172.0,0.5557151,238.0,168.0,0.63470334
guy3_dog098_flipped.jpg,119.0,176.0,0.37738502,125.0,179.0,0.56337667,117.0,180.0,0.545454,130.0,167.0,0.62816465,107.0,169.0,0.5587778,136.0,142.0,0.79778224,88.0,147.0,0.621589,160.0,178.0,0.8576808,94.0,191.0,0.8320755,175.0,209.0,0.7260794,107.0,213.0,0.35662463,87.0,68.0,0.9388495,61.0,74.0,0.89668953,80.0,129.0,0.5450965,54.0,133.0,0.8887457,60.0,167.0,0.5769821,48.0,174.0,0.71967554
guy3_dog099.jpg,179.0,173.0,0.28830597,181.0,176.0,0.47323704,170.0,176.0,0.48449734,188.0,167.0,0.6896554,162.0,165.0,0.6707402,204.0,148.0,0.6810678,159.0,141.0,0.7864013,202.0,191.0,0.78149766,138.0,176.0,0.7459806,184.0,211.0,0.47826195,120.0,209.0,0.6032609,233.0,71.0,0.88943,210.0,68.0,0.91601706,243.0,130.0,0.8364636,222.0,129.0,0.571177,249.0,173.0,0.5197583,236.0,172.0,0.42945144
guy3_dog099_flipped.jpg,121.0,175.0,0.41780785,127.0,178.0,0.3916296,120.0,178.0,0.44377312,132.0,166.0,0.6182696,111.0,167.0,0.7190506,139.0,141.0,0.6312783,92.0,148.0,0.61256915,163.0,179.0,0.7338582,96.0,191.0,0.85767055,179.0,209.0,0.8227686,110.0,214.0,0.17670536,88.0,67.0,0.85641825,62.0,72.0,0.83053035,82.0,129.0,0.723073,54.0,133.0,0.86508036,61.0,168.0,0.61365974,47.0,174.0,0.6290639
guy3_dog100.jpg,176.0,170.0,0.38339952,178.0,174.0,0.40921858,168.0,174.0,0.39139143,185.0,165.0,0.6068233,160.0,164.0,0.6670157,202.0,148.0,0.6157491,157.0,141.0,0.7441565,199.0,190.0,0.822474,135.0,177.0,0.8443888,184.0,209.0,0.5571747,118.0,209.0,0.7888056,234.0,71.0,0.8725297,209.0,68.0,0.8399168,242.0,131.0,0.82698977,221.0,129.0,0.6585319,249.0,173.0,0.60283124,240.0,172.0,0.571353
guy3_dog100_flipped.jpg,121.0,170.0,0.44274813,127.0,173.0,0.41435614,120.0,173.0,0.5972306,133.0,163.0,0.56502444,113.0,163.0,0.70471966,142.0,138.0,0.7582252,94.0,145.0,0.5944237,164.0,178.0,0.8142503,99.0,189.0,0.755605,182.0,209.0,0.7889748,113.0,209.0,0.13709438,91.0,68.0,0.80673176,63.0,72.0,0.75171643,78.0,132.0,0.62157,55.0,133.0,0.8486225,60.0,168.0,0.5953752,46.0,173.0,0.66290236
guy3_dog101.jpg,168.0,170.0,0.33398843,170.0,173.0,0.47376043,162.0,173.0,0.38764545,179.0,161.0,0.65467995,155.0,160.0,0.46680677,200.0,144.0,0.6723708,153.0,137.0,0.7877171,198.0,189.0,0.8795981,131.0,178.0,0.76461416,185.0,205.0,0.24750133,119.0,204.0,0.4811757,234.0,70.0,0.8741604,210.0,67.0,0.83494526,242.0,132.0,0.7987323,220.0,130.0,0.65984344,250.0,174.0,0.43825278,240.0,173.0,0.5707083
guy3_dog102.jpg,166.0,166.0,0.31696483,167.0,169.0,0.47841352,159.0,170.0,0.3547629,177.0,158.0,0.54307985,152.0,158.0,0.3935527,195.0,142.0,0.7520139,150.0,135.0,0.7214767,195.0,188.0,0.86219114,129.0,174.0,0.45675775,180.0,207.0,0.14001764,115.0,203.0,0.54899204,232.0,70.0,0.86916524,208.0,67.0,0.8008461,240.0,131.0,0.63241625,215.0,128.0,0.5830723,250.0,171.0,0.6197772,239.0,171.0,0.42592064
guy3_dog103.jpg,164.0,168.0,0.18163653,163.0,170.0,0.32736292,157.0,171.0,0.16737267,170.0,158.0,0.5460942,149.0,158.0,0.3062194,194.0,138.0,0.8261033,148.0,133.0,0.6170554,192.0,186.0,0.7453234,128.0,178.0,0.5870328,187.0,196.0,0.1583414,118.0,197.0,0.17257594,231.0,69.0,0.8424883,206.0,67.0,0.6764015,238.0,131.0,0.90372354,218.0,130.0,0.69180906,253.0,172.0,0.6773381,240.0,172.0,0.48619452
guy3_dog104.jpg,160.0,166.0,0.27164775,159.0,168.0,0.44394666,154.0,168.0,0.32242808,165.0,153.0,0.6283739,146.0,153.0,0.50160515,189.0,139.0,0.716395,147.0,129.0,0.6918825,188.0,186.0,0.8385587,127.0,174.0,0.52165556,184.0,191.0,0.1387469,116.0,193.0,0.16673347,228.0,70.0,0.82434535,203.0,67.0,0.67930734,237.0,132.0,0.78753936,215.0,129.0,0.7303126,252.0,172.0,0.5905821,240.0,169.0,0.60393727
guy3_dog105.jpg,154.0,168.0,0.38169414,153.0,166.0,0.41412714,149.0,167.0,0.47353837,158.0,149.0,0.54445565,143.0,151.0,0.47310486,185.0,136.0,0.6078354,143.0,128.0,0.75099075,186.0,184.0,0.7637294,126.0,173.0,0.46789554,179.0,192.0,0.1520202,112.0,195.0,0.27538165,226.0,70.0,0.86803234,200.0,66.0,0.73842573,236.0,133.0,0.853369,214.0,131.0,0.59699535,251.0,172.0,0.7744024,241.0,168.0,0.6636038
guy3_dog106_flipped.jpg,147.0,161.0,0.5315312,153.0,161.0,0.65879905,149.0,161.0,0.5000843,161.0,146.0,0.58212095,146.0,144.0,0.6918922,162.0,125.0,0.73918283,120.0,129.0,0.56436825,177.0,169.0,0.7821579,119.0,182.0,0.904727,196.0,208.0,0.77721375,135.0,212.0,0.16509113,101.0,72.0,0.7274581,75.0,75.0,0.8637563,84.0,135.0,0.62863314,65.0,137.0,0.88758665,61.0,168.0,0.550559,49.0,174.0,0.8276633
guy3_dog107.jpg,139.0,164.0,0.43930942,139.0,162.0,0.52050555,134.0,162.0,0.4501042,147.0,145.0,0.66627324,131.0,146.0,0.5697699,176.0,132.0,0.7583019,131.0,124.0,0.67913806,177.0,182.0,0.7576129,118.0,169.0,0.59828377,160.0,210.0,0.12128934,103.0,204.0,0.7139666,222.0,67.0,0.7846539,195.0,64.0,0.77353215,231.0,134.0,0.87231016,211.0,132.0,0.7716468,251.0,171.0,0.8114961,239.0,169.0,0.6867155
guy3_dog107_flipped.jpg,157.0,161.0,0.5806867,162.0,160.0,0.63634294,158.0,160.0,0.7487079,168.0,143.0,0.63651276,153.0,143.0,0.7243314,168.0,122.0,0.78028935,125.0,127.0,0.6585472,182.0,170.0,0.84981054,124.0,182.0,0.9072573,199.0,209.0,0.814217,143.0,219.0,0.43279096,106.0,78.0,0.5200522,78.0,79.0,0.88454276,87.0,137.0,0.650471,66.0,136.0,0.63771576,58.0,171.0,0.6897511,49.0,177.0,0.72388566
guy3_dog108_flipped.jpg,164.0,161.0,0.69217986,170.0,160.0,0.71008223,166.0,159.0,0.6430948,174.0,141.0,0.6265554,160.0,142.0,0.7310526,173.0,121.0,0.67118907,130.0,124.0,0.66153646,185.0,170.0,0.86861247,128.0,180.0,0.8971341,201.0,210.0,0.8774935,143.0,215.0,0.20620628,112.0,76.0,0.8156881,83.0,78.0,0.64333886,88.0,136.0,0.79875404,66.0,136.0,0.8486677,58.0,170.0,0.6112625,49.0,174.0,0.7633564
guy3_dog109.jpg,125.0,161.0,0.6418437,123.0,158.0,0.56442976,120.0,158.0,0.56983733,130.0,140.0,0.71426654,117.0,142.0,0.41319847,163.0,124.0,0.73514664,118.0,121.0,0.46742046,167.0,178.0,0.8648068,110.0,165.0,0.7076769,146.0,221.0,0.8199213,96.0,208.0,0.90682286,208.0,73.0,0.6831166,183.0,69.0,0.82902944,227.0,135.0,0.60152745,207.0,137.0,0.68268716,248.0,171.0,0.7461709,237.0,172.0,0.6202038
guy3_dog109_flipped.jpg,170.0,160.0,0.685882,177.0,158.0,0.75114083,173.0,157.0,0.786866,180.0,141.0,0.5915906,169.0,140.0,0.80452216,179.0,119.0,0.7353646,137.0,124.0,0.709328,187.0,167.0,0.7890035,132.0,179.0,0.8155468,202.0,208.0,0.86962074,151.0,218.0,0.538575,115.0,77.0,0.806895,88.0,77.0,0.84154326,93.0,137.0,0.7698843,69.0,137.0,0.8264039,60.0,168.0,0.6295587,50.0,172.0,0.83282894
guy3_dog110.jpg,120.0,159.0,0.53712654,118.0,157.0,0.735102,114.0,157.0,0.49543932,124.0,139.0,0.64541966,112.0,140.0,0.5431536,156.0,122.0,0.60883194,114.0,118.0,0.5314108,163.0,176.0,0.81877005,108.0,166.0,0.53395164,143.0,221.0,0.717558,94.0,207.0,0.8437964,204.0,74.0,0.73595905,178.0,73.0,0.7469306,225.0,136.0,0.7336784,204.0,138.0,0.64178836,248.0,171.0,0.76797,236.0,171.0,0.5241568
guy3_dog110_flipped.jpg,176.0,157.0,0.7178352,182.0,156.0,0.6417656,179.0,155.0,0.69030315,184.0,138.0,0.6069054,173.0,138.0,0.5962633,182.0,116.0,0.77046895,141.0,122.0,0.60530925,191.0,165.0,0.8509675,137.0,176.0,0.90359694,205.0,208.0,0.8009334,156.0,221.0,0.8219125,116.0,78.0,0.6509726,90.0,79.0,0.7893954,94.0,138.0,0.76501,73.0,135.0,0.73131233,59.0,171.0,0.7166622,51.0,173.0,0.74180615
guy3_dog111.jpg,112.0,157.0,0.4276925,111.0,155.0,0.5070788,108.0,155.0,0.6794753,118.0,137.0,0.7364863,107.0,139.0,0.44488153,151.0,123.0,0.68651724,109.0,118.0,0.5707023,157.0,176.0,0.7882906,104.0,167.0,0.69598424,139.0,221.0,0.62763685,94.0,207.0,0.63091075,201.0,76.0,0.67421734,175.0,73.0,0.7635219,220.0,139.0,0.74061763,202.0,140.0,0.5641943,246.0,173.0,0.74331367,236.0,173.0,0.6075157
guy3_dog111_flipped.jpg,182.0,156.0,0.71991765,189.0,154.0,0.68606246,185.0,153.0,0.6055343,190.0,138.0,0.669104,180.0,137.0,0.8219503,186.0,117.0,0.7769502,147.0,122.0,0.6651466,193.0,165.0,0.81127816,140.0,176.0,0.77557063,207.0,207.0,0.8370568,157.0,219.0,0.75926393,121.0,76.0,0.735641,94.0,78.0,0.74559766,97.0,140.0,0.71220183,78.0,139.0,0.82948625,61.0,169.0,0.72644913,52.0,174.0,0.73324406
guy3_dog112.jpg,108.0,155.0,0.48323765,105.0,153.0,0.6514095,103.0,154.0,0.59944236,113.0,135.0,0.6780188,103.0,136.0,0.5795693,147.0,123.0,0.7423614,106.0,117.0,0.7056609,154.0,175.0,0.8449416,102.0,169.0,0.75857776,137.0,221.0,0.79217607,90.0,207.0,0.89740884,200.0,76.0,0.7446698,174.0,72.0,0.7797508,219.0,140.0,0.7476069,200.0,141.0,0.7460369,245.0,176.0,0.64557135,236.0,172.0,0.6860477
guy3_dog112_flipped.jpg,188.0,154.0,0.5864333,194.0,151.0,0.7325406,190.0,150.0,0.7536694,195.0,135.0,0.61672443,184.0,135.0,0.7952316,189.0,116.0,0.7429424,151.0,120.0,0.6025436,196.0,169.0,0.7261777,145.0,175.0,0.6585682,208.0,206.0,0.7713921,161.0,220.0,0.7766131,123.0,77.0,0.63146466,96.0,80.0,0.775828,99.0,142.0,0.5406053,80.0,142.0,0.8266368,62.0,170.0,0.5939721,55.0,173.0,0.7334662
guy3_dog113.jpg,102.0,154.0,0.37642685,98.0,151.0,0.5816996,96.0,153.0,0.5695112,107.0,133.0,0.5673983,97.0,136.0,0.35885176,143.0,122.0,0.5207114,103.0,116.0,0.4406129,149.0,174.0,0.6521584,99.0,170.0,0.4707114,136.0,221.0,0.49428895,90.0,207.0,0.74068457,198.0,80.0,0.6869751,172.0,75.0,0.6810017,213.0,144.0,0.5760508,194.0,144.0,0.49318844,243.0,175.0,0.6436721,241.0,172.0,0.40865567
guy3_dog113_flipped.jpg,194.0,154.0,0.6164466,200.0,152.0,0.6131236,197.0,150.0,0.64579284,201.0,133.0,0.49220732,190.0,133.0,0.80406344,193.0,117.0,0.81438637,155.0,122.0,0.54059225,198.0,167.0,0.8309581,149.0,175.0,0.598302,210.0,206.0,0.8067441,164.0,219.0,0.8163223,125.0,80.0,0.5446724,99.0,82.0,0.76913536,101.0,146.0,0.6037624,83.0,146.0,0.79842216,62.0,169.0,0.57293296,55.0,173.0,0.7451855
guy3_dog114.jpg,97.0,153.0,0.50856304,94.0,150.0,0.5495554,92.0,151.0,0.7169845,102.0,131.0,0.66206425,93.0,133.0,0.4304535,139.0,122.0,0.68208134,99.0,115.0,0.75237495,146.0,174.0,0.8630241,97.0,170.0,0.7532232,132.0,220.0,0.791443,89.0,206.0,0.74756855,197.0,84.0,0.8793556,171.0,81.0,0.61947966,213.0,148.0,0.5787027,192.0,149.0,0.7301017,244.0,174.0,0.641213,235.0,171.0,0.3358147
guy3_dog114_flipped.jpg,199.0,152.0,0.7398965,204.0,150.0,0.6987865,201.0,148.0,0.5477475,204.0,132.0,0.73516107,195.0,131.0,0.7792342,196.0,118.0,0.83987564,158.0,120.0,0.5908644,200.0,167.0,0.76434934,153.0,175.0,0.6742439,211.0,206.0,0.86746395,166.0,219.0,0.89515734,125.0,84.0,0.5227403,102.0,85.0,0.607082,105.0,150.0,0.5937469,86.0,150.0,0.7622146,68.0,166.0,0.38765293,57.0,172.0,0.8519945
