guy3_warrior045_flipped.jpg,127.0,158.0,0.18773304,130.0,155.0,0.32430044,123.0,153.0,0.2969176,140.0,146.0,0.28918117,118.0,146.0,0.38573784,158.0,137.0,0.31985137,116.0,138.0,0.30570373,190.0,108.0,0.82870436,97.0,101.0,0.7268249,170.0,81.0,0.42111653,122.0,104.0,0.32106823,162.0,129.0,0.13141407,131.0,125.0,0.1539215,191.0,111.0,0.16830489,141.0,177.0,0.22779514,169.0,83.0,0.16232862,153.0,237.0,0.351735
guy3_warrior048_flipped.jpg,130.0,160.0,0.26046696,134.0,156.0,0.309977,127.0,156.0,0.3251239,144.0,149.0,0.36940125,122.0,150.0,0.30398688,158.0,138.0,0.47607175,119.0,142.0,0.2831748,189.0,108.0,0.795429,100.0,104.0,0.6691638,168.0,81.0,0.33764514,106.0,104.0,0.18303218,161.0,134.0,0.11438111,131.0,129.0,0.19333215,190.0,112.0,0.31664163,143.0,178.0,0.261489,168.0,84.0,0.32607317,152.0,236.0,0.25626844
guy3_warrior049.jpg,169.0,168.0,0.44208965,172.0,164.0,0.50864106,166.0,164.0,0.4772111,179.0,150.0,0.37186602,158.0,155.0,0.35329157,182.0,136.0,0.6027293,137.0,141.0,0.4293902,200.0,105.0,0.4160966,110.0,111.0,0.69453067,167.0,112.0,0.26041612,130.0,85.0,0.5288103,164.0,131.0,0.17175707,138.0,131.0,0.21353088,155.0,191.0,0.31484154,152.0,190.0,0.13322137,153.0,202.0,0.142884,129.0,86.0,0.1523056
guy3_warrior050_flipped.jpg,131.0,163.0,0.6597101,134.0,161.0,0.56036484,127.0,159.0,0.65724945,143.0,154.0,0.6404109,123.0,147.0,0.60472876,161.0,143.0,0.56344235,115.0,134.0,0.81083024,190.0,110.0,0.912868,100.0,105.0,0.8965027,169.0,87.0,0.48484904,128.0,111.0,0.61770165,158.0,137.0,0.3764355,132.0,133.0,0.5016904,147.0,168.0,0.16182768,136.0,166.0,0.17540258,147.0,188.0,0.10710123,129.0,112.0,0.30216682
guy3_warrior052_flipped.jpg,133.0,165.0,0.47776526,137.0,163.0,0.42842096,129.0,161.0,0.6204942,146.0,154.0,0.4430389,124.0,150.0,0.3354562,162.0,143.0,0.5769056,117.0,136.0,0.81776565,189.0,112.0,0.8172179,98.0,107.0,0.7874249,169.0,92.0,0.27836102,127.0,112.0,0.4523812,152.0,134.0,0.31867093,129.0,127.0,0.36905372,148.0,170.0,0.29025173,131.0,118.0,0.19711414,165.0,88.0,0.32387325,126.0,112.0,0.34777734
guy3_warrior055_flipped.jpg,135.0,168.0,0.5009874,139.0,166.0,0.5333327,132.0,164.0,0.5905181,149.0,156.0,0.67220163,125.0,151.0,0.5932175,162.0,143.0,0.6125243,117.0,139.0,0.89438313,187.0,112.0,0.9149466,97.0,110.0,0.7169424,162.0,93.0,0.4342462,127.0,116.0,0.44644928,154.0,128.0,0.6409869,132.0,126.0,0.6766205,169.0,121.0,0.17132357,117.0,118.0,0.15478748,162.0,92.0,0.51961625,128.0,116.0,0.52072704
guy3_warrior057.jpg,162.0,169.0,0.27389798,166.0,166.0,0.3912791,157.0,167.0,0.5685027,173.0,153.0,0.56514144,149.0,156.0,0.5046214,181.0,138.0,0.79426235,135.0,142.0,0.7088032,206.0,110.0,0.24682987,115.0,112.0,0.72140574,195.0,125.0,0.17668496,139.0,95.0,0.6880913,170.0,124.0,0.43894342,146.0,123.0,0.45620927,172.0,117.0,0.1855271,137.0,116.0,0.100391746,175.0,117.0,0.14741665,139.0,96.0,0.37651056
guy3_warrior058.jpg,164.0,170.0,0.34702966,167.0,168.0,0.55710965,159.0,168.0,0.6476301,175.0,153.0,0.5774518,150.0,156.0,0.45235273,181.0,140.0,0.807973,135.0,141.0,0.75593317,206.0,111.0,0.22342087,116.0,113.0,0.8368164,205.0,111.0,0.1931271,142.0,95.0,0.5770948,164.0,124.0,0.72922635,141.0,126.0,0.41652206,169.0,117.0,0.1651328,136.0,120.0,0.24844673,143.0,95.0,0.3043222,140.0,96.0,0.52755964
guy3_warrior061.jpg,159.0,167.0,0.30135748,164.0,167.0,0.40262726,155.0,166.0,0.37233496,172.0,160.0,0.2504482,149.0,157.0,0.43893522,184.0,141.0,0.6243937,137.0,140.0,0.7348292,200.0,123.0,0.47208285,120.0,113.0,0.67644507,206.0,112.0,0.29030573,145.0,96.0,0.33877346,171.0,126.0,0.5157062,148.0,125.0,0.40760428,177.0,121.0,0.1438221,145.0,117.0,0.23525456,178.0,120.0,0.23344922,149.0,97.0,0.26149693
guy3_warrior061_flipped.jpg,140.0,174.0,0.3825052,144.0,171.0,0.4260492,134.0,168.0,0.47694924,151.0,160.0,0.4157317,127.0,156.0,0.48875824,160.0,141.0,0.6215755,117.0,143.0,0.580311,180.0,113.0,0.6959373,93.0,115.0,0.86902547,153.0,96.0,0.3256606,122.0,121.0,0.3215591,149.0,144.0,0.12879482,123.0,144.0,0.23724017,148.0,121.0,0.11346874,132.0,179.0,0.34494415,152.0,96.0,0.19494666,122.0,120.0,0.32700154
guy3_warrior062_flipped.jpg,146.0,176.0,0.30717492,149.0,170.0,0.27171594,143.0,174.0,0.45840725,153.0,155.0,0.34642178,134.0,162.0,0.42661318,162.0,141.0,0.2930917,125.0,163.0,0.3692804,179.0,110.0,0.21624437,132.0,205.0,0.44454354,152.0,95.0,0.15484057,137.0,239.0,0.40528974,154.0,128.0,0.10295558,125.0,132.0,0.1670429,179.0,113.0,0.28824735,129.0,185.0,0.10744196,149.0,97.0,0.5149205,145.0,98.0,0.31010476
guy3_warrior063_flipped.jpg,146.0,177.0,0.33888268,149.0,170.0,0.41757372,143.0,175.0,0.50332576,153.0,154.0,0.4804996,130.0,162.0,0.5224069,162.0,143.0,0.6685456,122.0,161.0,0.38855252,178.0,111.0,0.4589655,131.0,206.0,0.5111152,147.0,95.0,0.25742114,137.0,242.0,0.5026175,147.0,123.0,0.28395572,120.0,133.0,0.33819962,178.0,114.0,0.38862643,128.0,190.0,0.14510989,145.0,96.0,0.54394937,143.0,98.0,0.31762612
guy3_warrior064.jpg,158.0,172.0,0.19760424,161.0,170.0,0.24341951,155.0,169.0,0.23617409,171.0,162.0,0.35336405,149.0,159.0,0.25261414,182.0,145.0,0.30210736,139.0,139.0,0.5082665,210.0,112.0,0.6628275,120.0,114.0,0.1765066,189.0,128.0,0.16633537,150.0,96.0,0.29668117,182.0,140.0,0.22024542,151.0,140.0,0.32816005,211.0,115.0,0.28158033,133.0,131.0,0.11560201,188.0,130.0,0.10449756,152.0,98.0,0.38225263
guy3_warrior067.jpg,160.0,175.0,0.6148208,163.0,172.0,0.6085979,156.0,171.0,0.54463845,172.0,160.0,0.54603124,148.0,159.0,0.48840156,183.0,148.0,0.51953554,138.0,140.0,0.7786982,202.0,128.0,0.43872285,125.0,112.0,0.9177687,212.0,116.0,0.16729234,153.0,94.0,0.38572678,176.0,135.0,0.13461685,152.0,131.0,0.2894024,166.0,118.0,0.43417543,159.0,117.0,0.40674952,166.0,104.0,0.20642583,164.0,102.0,0.27149132
guy3_warrior067_flipped.jpg,144.0,175.0,0.4481296,148.0,171.0,0.41810843,141.0,174.0,0.5265009,154.0,159.0,0.5172024,130.0,165.0,0.4175033,160.0,140.0,0.76401764,115.0,149.0,0.53346217,175.0,113.0,0.6721969,84.0,115.0,0.70451605,148.0,94.0,0.50030065,106.0,120.0,0.3108817,138.0,130.0,0.53902376,115.0,135.0,0.26567098,141.0,170.0,0.14743912,125.0,202.0,0.39753482,147.0,94.0,0.2626248,112.0,121.0,0.28947315
guy3_warrior069.jpg,155.0,168.0,0.14817959,158.0,170.0,0.22790171,152.0,166.0,0.22014542,170.0,160.0,0.19227956,149.0,159.0,0.28068218,181.0,147.0,0.3024318,140.0,137.0,0.5948901,216.0,112.0,0.60233754,122.0,110.0,0.3443004,203.0,125.0,0.10161218,156.0,98.0,0.48635176,184.0,147.0,0.3121473,158.0,142.0,0.38074464,178.0,199.0,0.15390545,173.0,196.0,0.21147925,171.0,246.0,0.46662453,160.0,99.0,0.42044196
guy3_warrior071_flipped.jpg,146.0,176.0,0.5466273,150.0,171.0,0.6592273,141.0,173.0,0.53199697,155.0,158.0,0.52314484,131.0,162.0,0.5876317,160.0,138.0,0.8214538,115.0,152.0,0.380309,177.0,107.0,0.7365477,93.0,122.0,0.39702308,143.0,106.0,0.37378737,80.0,110.0,0.54087234,135.0,133.0,0.4621931,114.0,136.0,0.32321087,166.0,132.0,0.14028117,120.0,189.0,0.49100003,140.0,106.0,0.38376716,122.0,115.0,0.13367112
guy3_warrior072_flipped.jpg,143.0,180.0,0.35913226,149.0,176.0,0.39246154,140.0,177.0,0.496944,155.0,161.0,0.57622343,132.0,165.0,0.4696723,161.0,144.0,0.58937997,112.0,153.0,0.373138,175.0,103.0,0.6453668,80.0,110.0,0.60427094,136.0,109.0,0.36822823,98.0,126.0,0.17438823,134.0,118.0,0.43444437,105.0,124.0,0.3601051,122.0,198.0,0.109033465,116.0,197.0,0.38290313,133.0,112.0,0.11650007,101.0,131.0,0.22146718
guy3_warrior078.jpg,153.0,168.0,0.40523714,154.0,166.0,0.43030995,149.0,165.0,0.3257156,162.0,158.0,0.39958006,150.0,155.0,0.38026404,183.0,151.0,0.33095497,146.0,142.0,0.28006753,221.0,109.0,0.54841304,134.0,106.0,0.398611,200.0,115.0,0.17097914,140.0,124.0,0.14389673,199.0,138.0,0.25191477,179.0,131.0,0.22032651,188.0,203.0,0.3954941,185.0,199.0,0.39973336,181.0,254.0,0.3413982,182.0,253.0,0.21011919
guy3_warrior079_flipped.jpg,147.0,168.0,0.62856185,151.0,165.0,0.6066961,144.0,165.0,0.5678859,156.0,151.0,0.53132033,134.0,154.0,0.3810543,161.0,141.0,0.58786035,109.0,145.0,0.5517732,170.0,102.0,0.70565164,74.0,113.0,0.8281416,163.0,123.0,0.351163,95.0,112.0,0.2620517,121.0,136.0,0.46176606,99.0,140.0,0.6622237,114.0,196.0,0.19102894,110.0,202.0,0.8408804,118.0,231.0,0.11698143,114.0,231.0,0.31670296
guy3_warrior081_flipped.jpg,150.0,167.0,0.5409528,154.0,163.0,0.5831231,147.0,163.0,0.5532778,159.0,150.0,0.4904326,138.0,151.0,0.5036662,162.0,139.0,0.4768749,115.0,144.0,0.4618838,170.0,108.0,0.70460105,73.0,117.0,0.767345,166.0,121.0,0.31168553,93.0,127.0,0.21416204,124.0,131.0,0.29885167,101.0,136.0,0.24731287,112.0,201.0,0.17363429,108.0,202.0,0.59786314,92.0,106.0,0.2142433,91.0,107.0,0.11526686
guy3_warrior090.jpg,140.0,149.0,0.556098,142.0,144.0,0.7097381,134.0,145.0,0.5717057,154.0,131.0,0.62835157,134.0,136.0,0.2102291,179.0,132.0,0.22451471,141.0,132.0,0.3668294,231.0,141.0,0.61712635,111.0,130.0,0.6058935,197.0,161.0,0.46906692,132.0,156.0,0.3846048,208.0,149.0,0.3497194,185.0,154.0,0.3480192,197.0,200.0,0.4330385,193.0,202.0,0.47950736,192.0,253.0,0.4831814,193.0,252.0,0.23558065
guy3_warrior090_flipped.jpg,161.0,152.0,0.505966,166.0,146.0,0.4052773,159.0,145.0,0.5787996,164.0,136.0,0.32797512,146.0,132.0,0.5518374,156.0,136.0,0.5029869,118.0,135.0,0.35700947,189.0,131.0,0.51906943,68.0,141.0,0.83235145,166.0,153.0,0.2654165,102.0,163.0,0.46585855,105.0,146.0,0.3478924,85.0,145.0,0.40658626,106.0,198.0,0.230761,102.0,200.0,0.7809987,107.0,255.0,0.18534763,107.0,257.0,0.7080488
guy3_warrior091.jpg,138.0,147.0,0.599434,141.0,142.0,0.3500263,133.0,142.0,0.41987404,152.0,128.0,0.6129417,132.0,132.0,0.3201228,178.0,129.0,0.3297763,136.0,126.0,0.32490295,229.0,142.0,0.5904106,108.0,129.0,0.57471585,194.0,165.0,0.6488396,128.0,155.0,0.5003046,213.0,142.0,0.3740367,187.0,143.0,0.37459302,198.0,199.0,0.3682262,195.0,200.0,0.4439303,192.0,253.0,0.48604754,193.0,251.0,0.26371443
guy3_warrior091_flipped.jpg,160.0,149.0,0.56636727,166.0,142.0,0.70221096,158.0,141.0,0.7170923,167.0,132.0,0.55275905,146.0,130.0,0.6711226,162.0,124.0,0.39788476,117.0,127.0,0.623132,194.0,126.0,0.7809683,69.0,141.0,0.93413305,170.0,155.0,0.87526315,104.0,166.0,0.56910896,105.0,137.0,0.43791115,84.0,136.0,0.74522465,103.0,198.0,0.43582386,102.0,199.0,0.6110437,103.0,167.0,0.20925865,107.0,255.0,0.85015523
guy3_warrior092.jpg,135.0,147.0,0.638829,138.0,141.0,0.5198709,130.0,142.0,0.5471498,152.0,128.0,0.7087383,131.0,131.0,0.3377781,177.0,127.0,0.52860546,136.0,126.0,0.3556643,227.0,144.0,0.626933,105.0,128.0,0.5771795,190.0,167.0,0.6732403,124.0,158.0,0.49803627,214.0,138.0,0.50581414,190.0,141.0,0.40117556,199.0,200.0,0.5473552,194.0,198.0,0.3154115,192.0,254.0,0.6772299,193.0,253.0,0.27683526
guy3_warrior092_flipped.jpg,163.0,146.0,0.50130033,168.0,140.0,0.6080542,161.0,139.0,0.59677696,167.0,130.0,0.5754454,149.0,128.0,0.68128777,164.0,123.0,0.5864892,121.0,126.0,0.59718996,198.0,125.0,0.7298978,74.0,141.0,0.8967413,177.0,156.0,0.8095762,110.0,168.0,0.675588,111.0,137.0,0.46074602,90.0,139.0,0.7049792,103.0,197.0,0.36408153,102.0,198.0,0.5558529,78.0,111.0,0.62977695,105.0,251.0,0.76080215
guy3_warrior093.jpg,135.0,144.0,0.6750542,138.0,138.0,0.6064309,129.0,140.0,0.53799796,151.0,125.0,0.7708088,129.0,129.0,0.43288845,176.0,126.0,0.43187487,130.0,123.0,0.45306003,222.0,143.0,0.6512103,100.0,125.0,0.6479086,187.0,168.0,0.59353435,120.0,158.0,0.595392,206.0,134.0,0.6182573,181.0,134.0,0.38090405,199.0,201.0,0.6356643,196.0,199.0,0.43982488,193.0,255.0,0.6946822,232.0,108.0,0.60785437
guy3_warrior094.jpg,132.0,141.0,0.75089276,136.0,135.0,0.7457388,128.0,136.0,0.72705525,149.0,122.0,0.66801596,127.0,125.0,0.4128165,174.0,122.0,0.7263359,126.0,118.0,0.52195,218.0,141.0,0.75871843,98.0,124.0,0.6364814,184.0,168.0,0.6731189,114.0,157.0,0.56942296,208.0,137.0,0.59744537,184.0,137.0,0.43533418,200.0,198.0,0.7241409,214.0,116.0,0.3320097,194.0,255.0,0.7452063,236.0,106.0,0.5877563
guy3_warrior094_flipped.jpg,166.0,142.0,0.6646933,171.0,137.0,0.6381535,163.0,136.0,0.5892836,169.0,127.0,0.5217095,150.0,124.0,0.7126905,168.0,118.0,0.63519263,123.0,122.0,0.7267756,205.0,122.0,0.8978686,82.0,140.0,0.84888464,186.0,157.0,0.8054335,115.0,171.0,0.7139696,118.0,137.0,0.53576016,95.0,137.0,0.6380203,103.0,193.0,0.21123008,100.0,196.0,0.6722133,68.0,108.0,0.32892764,63.0,108.0,0.6007437
guy3_warrior095.jpg,132.0,140.0,0.7117898,135.0,133.0,0.75220585,127.0,135.0,0.43159968,148.0,120.0,0.6112,124.0,124.0,0.41055536,173.0,124.0,0.2688923,126.0,117.0,0.5139427,212.0,138.0,0.41826367,95.0,122.0,0.38928732,182.0,170.0,0.55969834,106.0,155.0,0.47711274,201.0,139.0,0.3809202,181.0,138.0,0.38385892,199.0,194.0,0.6316525,211.0,130.0,0.11062187,196.0,249.0,0.44804546,239.0,108.0,0.58979285
guy3_warrior095_flipped.jpg,166.0,140.0,0.6485994,171.0,134.0,0.71953595,164.0,134.0,0.7662749,170.0,125.0,0.6340128,151.0,122.0,0.73921764,167.0,119.0,0.60486966,124.0,121.0,0.57163346,205.0,120.0,0.84391844,87.0,138.0,0.8375555,193.0,155.0,0.73310363,120.0,169.0,0.54835165,117.0,132.0,0.54755723,95.0,133.0,0.6991628,88.0,125.0,0.6092208,102.0,195.0,0.6870218,68.0,108.0,0.6646973,59.0,107.0,0.54593784
guy3_warrior096.jpg,130.0,138.0,0.55137074,134.0,132.0,0.49709034,125.0,132.0,0.7210386,147.0,119.0,0.63055986,125.0,122.0,0.43833217,172.0,123.0,0.45698237,131.0,117.0,0.3682641,209.0,136.0,0.56818694,93.0,119.0,0.412577,175.0,170.0,0.5021841,100.0,153.0,0.44831273,204.0,137.0,0.415312,184.0,136.0,0.36611214,198.0,195.0,0.6034332,195.0,189.0,0.20177716,195.0,253.0,0.553748,241.0,108.0,0.4603023
guy3_warrior096_flipped.jpg,169.0,138.0,0.80262065,174.0,133.0,0.611405,167.0,132.0,0.5537329,170.0,123.0,0.5709119,152.0,120.0,0.6819131,169.0,116.0,0.662782,125.0,118.0,0.8232344,208.0,118.0,0.8694725,92.0,135.0,0.8122388,201.0,153.0,0.7098986,124.0,170.0,0.6151328,119.0,134.0,0.6231214,95.0,134.0,0.7179915,92.0,131.0,0.4924464,100.0,197.0,0.81493556,66.0,109.0,0.70256996,103.0,248.0,0.6978153
guy3_warrior097.jpg,129.0,135.0,0.65278006,132.0,129.0,0.7725178,123.0,130.0,0.5946959,146.0,117.0,0.705966,124.0,119.0,0.38103968,172.0,122.0,0.44356045,130.0,115.0,0.3563743,201.0,133.0,0.67414725,92.0,118.0,0.3557264,169.0,169.0,0.7688073,94.0,153.0,0.41089097,205.0,135.0,0.5676267,189.0,132.0,0.41397503,199.0,195.0,0.6932298,215.0,121.0,0.34324756,196.0,252.0,0.63822925,241.0,107.0,0.565912
guy3_warrior097_flipped.jpg,169.0,136.0,0.79639876,174.0,132.0,0.6310826,167.0,130.0,0.5982355,172.0,122.0,0.6384927,153.0,118.0,0.8414764,170.0,116.0,0.63615525,126.0,117.0,0.74128777,209.0,117.0,0.8451024,94.0,132.0,0.69308996,207.0,152.0,0.499123,130.0,170.0,0.61874664,114.0,134.0,0.58135325,92.0,135.0,0.7834778,91.0,127.0,0.6632588,100.0,197.0,0.63345623,60.0,109.0,0.7898786,103.0,250.0,0.8240293
guy3_warrior098.jpg,128.0,134.0,0.6736697,131.0,128.0,0.6592437,122.0,129.0,0.59626544,144.0,115.0,0.71011317,123.0,119.0,0.3097202,168.0,121.0,0.40698087,127.0,115.0,0.35250613,198.0,133.0,0.5410044,89.0,119.0,0.6455283,160.0,169.0,0.57400835,84.0,153.0,0.5820241,204.0,135.0,0.6171107,191.0,133.0,0.5158591,199.0,194.0,0.6449058,217.0,121.0,0.37143895,195.0,252.0,0.52432835,244.0,109.0,0.6737826
guy3_warrior098_flipped.jpg,171.0,134.0,0.58662605,176.0,130.0,0.44596565,169.0,128.0,0.53846025,174.0,120.0,0.351041,154.0,117.0,0.74087,169.0,116.0,0.3943904,128.0,118.0,0.5621723,210.0,117.0,0.60807,103.0,133.0,0.38720006,214.0,152.0,0.5360062,138.0,169.0,0.4567406,113.0,133.0,0.41653442,94.0,136.0,0.54619884,95.0,127.0,0.44167155,100.0,197.0,0.6217654,58.0,108.0,0.70433426,103.0,255.0,0.6985096
guy3_warrior099.jpg,127.0,133.0,0.6512883,129.0,126.0,0.7896601,121.0,127.0,0.70748067,143.0,113.0,0.6071277,122.0,117.0,0.27518666,172.0,121.0,0.44944334,129.0,113.0,0.44917527,181.0,135.0,0.3313748,87.0,117.0,0.5563873,152.0,165.0,0.6272222,77.0,151.0,0.641852,203.0,134.0,0.56511235,191.0,129.0,0.4932958,200.0,192.0,0.6853514,216.0,120.0,0.46577668,196.0,252.0,0.5414232,246.0,106.0,0.6982192
guy3_warrior100.jpg,125.0,130.0,0.7039745,128.0,124.0,0.6675302,120.0,125.0,0.6135209,141.0,110.0,0.76454735,122.0,112.0,0.260612,171.0,116.0,0.6026675,128.0,107.0,0.4922756,176.0,131.0,0.41449484,85.0,117.0,0.60170895,143.0,161.0,0.4407167,70.0,144.0,0.524958,205.0,132.0,0.637321,193.0,124.0,0.38568527,200.0,192.0,0.47935912,219.0,119.0,0.43015093,196.0,254.0,0.7440748,248.0,107.0,0.79668117
guy3_warrior100_flipped.jpg,173.0,131.0,0.6415465,179.0,126.0,0.4433448,171.0,125.0,0.6505118,176.0,117.0,0.42767164,156.0,114.0,0.71763617,173.0,111.0,0.4069562,128.0,116.0,0.5075351,214.0,118.0,0.63878065,122.0,127.0,0.45967847,230.0,144.0,0.71681005,156.0,161.0,0.38939512,110.0,128.0,0.4998872,92.0,131.0,0.5463339,87.0,122.0,0.23307402,98.0,195.0,0.59610564,55.0,107.0,0.3811218,102.0,253.0,0.62225854
guy3_warrior101.jpg,124.0,128.0,0.74889374,126.0,122.0,0.64211714,119.0,124.0,0.63702846,139.0,109.0,0.81568545,122.0,112.0,0.2377591,164.0,114.0,0.4179942,130.0,107.0,0.6152381,162.0,132.0,0.3480764,106.0,111.0,0.13837685,135.0,155.0,0.7571082,80.0,119.0,0.46237534,205.0,133.0,0.6703228,195.0,129.0,0.34057567,199.0,193.0,0.54432666,216.0,120.0,0.3241693,197.0,254.0,0.6421118,251.0,105.0,0.7247294
guy3_warrior101_flipped.jpg,174.0,128.0,0.6781045,180.0,124.0,0.4672192,173.0,122.0,0.46141887,176.0,116.0,0.29454267,158.0,112.0,0.56648076,170.0,110.0,0.4163175,132.0,113.0,0.5231285,212.0,116.0,0.571457,125.0,120.0,0.43733504,221.0,122.0,0.3452626,165.0,154.0,0.6107918,108.0,132.0,0.5218554,94.0,131.0,0.5258632,101.0,191.0,0.28560302,99.0,193.0,0.35808527,102.0,252.0,0.31935835,103.0,252.0,0.6247263
guy3_warrior102.jpg,124.0,126.0,0.64480096,126.0,120.0,0.51048285,119.0,122.0,0.4894093,139.0,107.0,0.5854262,121.0,112.0,0.23028366,163.0,112.0,0.5496069,129.0,106.0,0.48524943,157.0,126.0,0.30913386,105.0,109.0,0.1625888,127.0,148.0,0.59437335,80.0,116.0,0.26781154,204.0,133.0,0.5039972,194.0,129.0,0.4582519,199.0,191.0,0.50411224,216.0,121.0,0.40441084,197.0,254.0,0.7669263,252.0,106.0,0.648676
guy3_warrior102_flipped.jpg,177.0,128.0,0.46008778,182.0,124.0,0.6012374,176.0,122.0,0.8069835,176.0,115.0,0.304825,160.0,111.0,0.5865448,166.0,107.0,0.60124105,136.0,113.0,0.51698816,213.0,113.0,0.32835975,134.0,119.0,0.22233532,221.0,117.0,0.48921254,175.0,148.0,0.7053143,109.0,132.0,0.44933036,94.0,130.0,0.6984941,101.0,191.0,0.42991868,100.0,193.0,0.31115544,102.0,251.0,0.27848375,102.0,252.0,0.45054406
guy3_warrior103.jpg,122.0,127.0,0.60846734,124.0,120.0,0.7503439,117.0,121.0,0.7074975,139.0,106.0,0.80891454,122.0,109.0,0.35788664,165.0,110.0,0.75562006,128.0,106.0,0.7352388,152.0,119.0,0.38760847,96.0,110.0,0.20418857,120.0,137.0,0.6396549,80.0,114.0,0.31864083,207.0,131.0,0.64143157,196.0,128.0,0.63574517,200.0,190.0,0.7279141,217.0,119.0,0.41759917,197.0,251.0,0.8033941,252.0,105.0,0.77836
guy3_warrior103_flipped.jpg,177.0,126.0,0.7177955,181.0,122.0,0.65145904,176.0,121.0,0.7196585,175.0,112.0,0.47378784,161.0,109.0,0.7487743,169.0,105.0,0.66416705,134.0,109.0,0.679567,213.0,111.0,0.46345222,135.0,114.0,0.32373652,218.0,113.0,0.4690799,180.0,140.0,0.73424697,109.0,129.0,0.6207424,93.0,128.0,0.6066003,101.0,188.0,0.3084869,99.0,191.0,0.50430375,102.0,249.0,0.34320188,103.0,249.0,0.4518514
guy3_warrior104.jpg,125.0,126.0,0.6799872,127.0,119.0,0.56449,119.0,120.0,0.7029083,140.0,105.0,0.72501826,123.0,107.0,0.613454,168.0,105.0,0.85108656,128.0,107.0,0.8133053,153.0,113.0,0.37727007,87.0,110.0,0.3475644,114.0,130.0,0.8560207,76.0,112.0,0.66678846,207.0,128.0,0.78140414,199.0,126.0,0.7632009,201.0,189.0,0.7222018,223.0,114.0,0.45904607,198.0,249.0,0.884082,255.0,106.0,0.851061
guy3_warrior104_flipped.jpg,174.0,124.0,0.62777394,180.0,119.0,0.6680424,174.0,119.0,0.6041883,175.0,107.0,0.63450223,160.0,106.0,0.8145753,170.0,104.0,0.67539835,134.0,108.0,0.52886975,214.0,110.0,0.44172856,142.0,114.0,0.44840646,221.0,112.0,0.40382403,184.0,130.0,0.8082482,107.0,131.0,0.7614617,90.0,128.0,0.81065977,101.0,185.0,0.40879261,97.0,190.0,0.48149347,101.0,251.0,0.24440955,42.0,104.0,0.65534246
guy3_warrior105.jpg,119.0,120.0,0.47666186,121.0,114.0,0.36394995,115.0,115.0,0.5389384,133.0,104.0,0.7251879,120.0,105.0,0.442968,162.0,108.0,0.6040832,123.0,103.0,0.6752548,145.0,112.0,0.20363437,82.0,106.0,0.8182865,110.0,120.0,0.87544966,41.0,116.0,0.722522,208.0,130.0,0.54119945,200.0,126.0,0.4614502,199.0,186.0,0.6199734,234.0,110.0,0.26130047,197.0,247.0,0.85883117,254.0,106.0,0.62852585
guy3_warrior105_flipped.jpg,174.0,120.0,0.4106208,181.0,117.0,0.45414802,175.0,116.0,0.39187315,177.0,109.0,0.2743924,163.0,107.0,0.500111,164.0,105.0,0.54272187,141.0,110.0,0.29398727,195.0,110.0,0.13072102,147.0,111.0,0.15175284,216.0,108.0,0.29696625,188.0,122.0,0.45813105,107.0,128.0,0.62082887,94.0,129.0,0.60853,101.0,187.0,0.3370441,99.0,191.0,0.33299193,101.0,248.0,0.31475267,102.0,249.0,0.4869957
guy3_warrior106.jpg,118.0,118.0,0.39796248,121.0,113.0,0.3714008,114.0,114.0,0.30342802,134.0,105.0,0.5130761,117.0,107.0,0.22501983,163.0,110.0,0.5205202,119.0,106.0,0.42602327,138.0,110.0,0.3341188,79.0,105.0,0.4297938,104.0,113.0,0.4219813,38.0,111.0,0.60956925,206.0,129.0,0.52590024,196.0,124.0,0.47898036,198.0,187.0,0.5342989,236.0,112.0,0.30659813,198.0,249.0,0.7823905,258.0,107.0,0.56367993
guy3_warrior106_flipped.jpg,177.0,123.0,0.5195125,181.0,119.0,0.4288682,175.0,119.0,0.5605253,179.0,111.0,0.3226315,164.0,108.0,0.641635,169.0,103.0,0.6791666,136.0,114.0,0.39902905,189.0,103.0,0.22314325,157.0,110.0,0.22043777,197.0,111.0,0.6038571,196.0,113.0,0.23715313,105.0,127.0,0.68596554,90.0,129.0,0.77584887,80.0,119.0,0.5923419,97.0,188.0,0.3778829,45.0,105.0,0.3177656,100.0,250.0,0.60434914
guy3_warrior107.jpg,117.0,116.0,0.42589214,121.0,112.0,0.41870022,114.0,113.0,0.3489652,133.0,104.0,0.45711663,118.0,105.0,0.22928604,161.0,110.0,0.47664765,121.0,105.0,0.38690105,136.0,108.0,0.37211838,79.0,104.0,0.30245644,102.0,107.0,0.34889197,37.0,105.0,0.6063659,208.0,127.0,0.56729496,197.0,123.0,0.3793408,199.0,187.0,0.5173839,238.0,110.0,0.3430069,198.0,248.0,0.7195798,258.0,106.0,0.5380819
guy3_warrior107_flipped.jpg,179.0,121.0,0.46393332,184.0,116.0,0.34227195,176.0,116.0,0.5099338,183.0,110.0,0.34400794,166.0,107.0,0.58019215,174.0,103.0,0.42921993,138.0,113.0,0.46179953,194.0,100.0,0.23222134,162.0,109.0,0.18230736,219.0,103.0,0.3132977,199.0,108.0,0.18298501,107.0,124.0,0.5174986,92.0,126.0,0.7053511,99.0,184.0,0.33378738,97.0,188.0,0.2908332,99.0,247.0,0.254375,99.0,247.0,0.5927942
guy3_warrior108.jpg,117.0,115.0,0.44423482,121.0,111.0,0.38441145,114.0,112.0,0.30354935,132.0,103.0,0.5682591,117.0,103.0,0.22359245,160.0,110.0,0.4327111,119.0,102.0,0.4070879,136.0,107.0,0.354108,77.0,100.0,0.4192779,100.0,105.0,0.4390599,39.0,102.0,0.54702616,207.0,128.0,0.57616633,197.0,124.0,0.43351424,199.0,186.0,0.5784106,236.0,110.0,0.39834854,199.0,249.0,0.77613354,260.0,108.0,0.5318659
guy3_warrior108_flipped.jpg,179.0,119.0,0.54793346,184.0,115.0,0.58878696,178.0,114.0,0.5997803,181.0,109.0,0.35437337,166.0,105.0,0.4905502,175.0,100.0,0.5599519,139.0,112.0,0.4301025,196.0,101.0,0.34533334,165.0,107.0,0.15616535,226.0,102.0,0.31837592,200.0,106.0,0.20354263,106.0,126.0,0.51013744,91.0,129.0,0.66696024,82.0,120.0,0.3313313,97.0,189.0,0.35875398,55.0,104.0,0.2637036,100.0,248.0,0.602296
guy3_warrior109.jpg,116.0,115.0,0.4558915,120.0,111.0,0.4837796,113.0,111.0,0.38648698,131.0,102.0,0.5707475,116.0,102.0,0.18675926,159.0,109.0,0.47109735,119.0,101.0,0.43674293,134.0,107.0,0.25986847,80.0,101.0,0.2834349,98.0,104.0,0.43689287,41.0,100.0,0.6382059,207.0,127.0,0.60033023,199.0,123.0,0.4520242,200.0,186.0,0.5937332,236.0,109.0,0.27136686,200.0,249.0,0.7509272,262.0,105.0,0.63575685
guy3_warrior109_flipped.jpg,181.0,119.0,0.5175978,185.0,115.0,0.41584828,180.0,115.0,0.58413565,181.0,106.0,0.3945995,169.0,104.0,0.49402964,174.0,101.0,0.5480321,139.0,111.0,0.5344261,198.0,100.0,0.38717437,167.0,107.0,0.25197744,223.0,101.0,0.3491545,203.0,105.0,0.21058118,104.0,122.0,0.6110084,90.0,126.0,0.8312731,77.0,118.0,0.6125847,98.0,188.0,0.37496594,40.0,105.0,0.27871862,101.0,249.0,0.7254349
guy3_warrior110.jpg,116.0,116.0,0.48767942,120.0,112.0,0.59797734,112.0,112.0,0.33267105,131.0,102.0,0.64789784,116.0,102.0,0.25387618,160.0,108.0,0.53463554,119.0,102.0,0.49773872,134.0,106.0,0.15946567,80.0,101.0,0.31879395,98.0,102.0,0.4176212,41.0,100.0,0.6276181,207.0,127.0,0.48603493,198.0,123.0,0.38763404,200.0,186.0,0.68911827,236.0,111.0,0.4029829,200.0,247.0,0.8665911,262.0,108.0,0.6318962
guy3_warrior111.jpg,117.0,116.0,0.5083931,119.0,111.0,0.612787,112.0,112.0,0.39610615,130.0,100.0,0.6049648,117.0,102.0,0.24196455,158.0,106.0,0.6037102,120.0,101.0,0.51368606,131.0,105.0,0.19964094,83.0,101.0,0.28771937,96.0,101.0,0.53686583,40.0,98.0,0.5265814,208.0,127.0,0.48756713,201.0,122.0,0.46072632,200.0,186.0,0.6900568,239.0,110.0,0.36865065,200.0,247.0,0.88510644,266.0,107.0,0.664024
guy3_warrior111_flipped.jpg,180.0,117.0,0.5494369,185.0,112.0,0.55419946,180.0,112.0,0.54142845,179.0,103.0,0.48039,171.0,101.0,0.59311116,169.0,98.0,0.48862907,143.0,105.0,0.5658488,194.0,98.0,0.25133425,172.0,103.0,0.28606325,205.0,101.0,0.47956726,205.0,102.0,0.33661112,101.0,121.0,0.84353745,88.0,125.0,0.7093084,72.0,116.0,0.5840037,98.0,186.0,0.44932753,37.0,104.0,0.49461666,34.0,103.0,0.4679579
guy3_warrior112.jpg,116.0,115.0,0.4629892,120.0,110.0,0.5556177,111.0,111.0,0.31281447,131.0,100.0,0.5405867,114.0,102.0,0.26467544,159.0,107.0,0.49950272,116.0,102.0,0.4361509,132.0,103.0,0.2275704,84.0,102.0,0.2648982,96.0,99.0,0.44961846,40.0,100.0,0.5781586,208.0,127.0,0.4530406,200.0,122.0,0.40667328,200.0,184.0,0.7208543,240.0,110.0,0.3168274,199.0,245.0,0.8653457,267.0,108.0,0.5825045
guy3_warrior112_flipped.jpg,183.0,116.0,0.58959746,186.0,112.0,0.60316104,182.0,110.0,0.641431,178.0,102.0,0.57339954,170.0,100.0,0.50888467,168.0,98.0,0.5041647,141.0,106.0,0.662897,179.0,97.0,0.41476423,169.0,103.0,0.3213582,205.0,100.0,0.5414767,204.0,101.0,0.31030384,100.0,123.0,0.8679247,87.0,125.0,0.8425581,98.0,182.0,0.33533055,56.0,110.0,0.39617836,98.0,246.0,0.36489975,30.0,103.0,0.6217054
guy3_warrior113.jpg,116.0,117.0,0.4896218,119.0,111.0,0.6199535,111.0,112.0,0.37844738,130.0,100.0,0.6088008,115.0,102.0,0.42360267,159.0,104.0,0.6844317,118.0,100.0,0.52607954,131.0,101.0,0.39796868,80.0,102.0,0.2698361,94.0,99.0,0.42545107,39.0,99.0,0.54038274,210.0,128.0,0.679664,202.0,123.0,0.5191462,202.0,185.0,0.756055,240.0,111.0,0.47134432,201.0,244.0,0.86469674,268.0,109.0,0.7316146
guy3_warrior113_flipped.jpg,183.0,114.0,0.50622517,186.0,110.0,0.42970014,183.0,109.0,0.62103415,179.0,101.0,0.57327837,171.0,99.0,0.6157955,168.0,101.0,0.5771919,145.0,104.0,0.6973169,178.0,98.0,0.25650832,170.0,101.0,0.52563107,205.0,99.0,0.48385987,203.0,100.0,0.44755027,100.0,123.0,0.85427713,88.0,124.0,0.7726115,73.0,118.0,0.34475657,64.0,115.0,0.23167317,31.0,105.0,0.49514934,98.0,245.0,0.766945
guy3_warrior114.jpg,115.0,115.0,0.57391775,117.0,109.0,0.46432453,112.0,111.0,0.5053475,130.0,99.0,0.43482018,116.0,102.0,0.3002594,157.0,105.0,0.5037191,122.0,103.0,0.38119218,130.0,104.0,0.25195265,89.0,99.0,0.19910114,93.0,98.0,0.32938328,43.0,98.0,0.44799945,209.0,127.0,0.5524967,201.0,122.0,0.48296505,201.0,184.0,0.7306305,242.0,112.0,0.4604965,201.0,245.0,0.8571992,269.0,109.0,0.70721436
guy3_warrior114_flipped.jpg,183.0,114.0,0.525184,186.0,109.0,0.5878514,183.0,108.0,0.6129732,178.0,99.0,0.63538146,171.0,97.0,0.7140753,167.0,98.0,0.70922583,143.0,103.0,0.53831536,177.0,97.0,0.27260485,171.0,100.0,0.59823656,204.0,98.0,0.3891058,205.0,98.0,0.59228957,100.0,122.0,0.8524904,89.0,123.0,0.8800807,96.0,179.0,0.39429078,97.0,183.0,0.26632813,97.0,245.0,0.24807811,98.0,244.0,0.83041024
guy3_warrior115.jpg,115.0,113.0,0.5503316,117.0,108.0,0.39118537,112.0,109.0,0.49656272,129.0,98.0,0.46236235,116.0,101.0,0.26743507,156.0,104.0,0.60411143,122.0,102.0,0.39730993,129.0,102.0,0.28793517,88.0,98.0,0.31034786,92.0,97.0,0.4613415,43.0,98.0,0.5070137,210.0,127.0,0.68660474,203.0,122.0,0.53675103,202.0,184.0,0.7328699,242.0,113.0,0.46852267,202.0,243.0,0.8850621,271.0,109.0,0.69087803
guy3_warrior115_flipped.jpg,185.0,112.0,0.541281,186.0,108.0,0.54559547,184.0,106.0,0.5534375,178.0,99.0,0.6154146,172.0,97.0,0.6845974,168.0,99.0,0.5191183,142.0,103.0,0.6204532,179.0,97.0,0.29691836,172.0,98.0,0.49997863,207.0,97.0,0.46132508,208.0,97.0,0.4492352,101.0,122.0,0.75667286,88.0,123.0,0.8739628,74.0,118.0,0.37590647,96.0,183.0,0.54744714,32.0,105.0,0.3419925,97.0,244.0,0.8326365
guy3_warrior116.jpg,114.0,114.0,0.5752294,116.0,109.0,0.5753981,111.0,110.0,0.6095362,131.0,100.0,0.547037,118.0,101.0,0.33301032,156.0,103.0,0.6019485,127.0,103.0,0.30766204,126.0,100.0,0.45143852,105.0,98.0,0.1785647,90.0,97.0,0.57754755,85.0,96.0,0.25565147,211.0,127.0,0.62076926,204.0,121.0,0.54858464,203.0,184.0,0.7251104,243.0,112.0,0.4247525,203.0,243.0,0.87749827,272.0,109.0,0.62415683
guy3_warrior116_flipped.jpg,183.0,113.0,0.4585581,186.0,109.0,0.6555419,182.0,107.0,0.61810213,178.0,101.0,0.5559938,172.0,98.0,0.6338235,169.0,98.0,0.7192096,148.0,102.0,0.5972319,183.0,94.0,0.34217992,173.0,99.0,0.4378113,208.0,97.0,0.34525046,209.0,97.0,0.38245264,102.0,121.0,0.7515215,89.0,124.0,0.8289851,72.0,118.0,0.5678526,96.0,184.0,0.721471,29.0,106.0,0.46992368,96.0,243.0,0.5837555
guy3_warrior117.jpg,114.0,113.0,0.64219177,117.0,108.0,0.51604146,111.0,109.0,0.69345385,131.0,98.0,0.61164653,117.0,100.0,0.4087904,157.0,103.0,0.6577845,125.0,102.0,0.48079228,126.0,101.0,0.39988384,106.0,98.0,0.19401829,88.0,96.0,0.6531619,85.0,95.0,0.3317355,210.0,126.0,0.6639141,202.0,120.0,0.6246032,203.0,183.0,0.6070462,242.0,113.0,0.55685306,203.0,242.0,0.9218058,273.0,109.0,0.6799152
guy3_warrior117_flipped.jpg,182.0,113.0,0.5720753,186.0,108.0,0.6646123,182.0,107.0,0.63902783,179.0,101.0,0.5507079,171.0,97.0,0.52830315,170.0,100.0,0.50067294,144.0,103.0,0.59127057,192.0,98.0,0.24943411,173.0,99.0,0.37314725,209.0,96.0,0.46013665,210.0,96.0,0.29368776,101.0,123.0,0.77648824,88.0,124.0,0.8788744,96.0,180.0,0.42044294,53.0,111.0,0.28374907,95.0,244.0,0.4749969,24.0,104.0,0.6998942
guy3_warrior118.jpg,115.0,113.0,0.64921224,118.0,108.0,0.51948833,112.0,108.0,0.6430508,131.0,97.0,0.64827484,117.0,99.0,0.47937998,156.0,102.0,0.6354499,124.0,98.0,0.38794783,122.0,98.0,0.4902901,104.0,95.0,0.28632787,85.0,95.0,0.66907614,82.0,94.0,0.3843345,210.0,127.0,0.70515823,204.0,120.0,0.4866751,203.0,184.0,0.746842,246.0,112.0,0.5641595,204.0,243.0,0.9023938,276.0,110.0,0.74159217
guy3_warrior118_flipped.jpg,183.0,114.0,0.62354445,186.0,110.0,0.5300028,182.0,109.0,0.6851156,180.0,100.0,0.61952853,172.0,97.0,0.6322279,169.0,98.0,0.70279324,147.0,100.0,0.7683891,185.0,96.0,0.36174393,175.0,97.0,0.37993193,215.0,96.0,0.3314138,215.0,95.0,0.4096118,100.0,121.0,0.74049866,88.0,123.0,0.8864509,96.0,179.0,0.30349806,95.0,182.0,0.2879416,96.0,244.0,0.33614567,22.0,103.0,0.68503034
guy3_warrior119.jpg,116.0,113.0,0.57724696,118.0,108.0,0.43112674,112.0,109.0,0.4018397,129.0,97.0,0.44897076,118.0,99.0,0.47058487,156.0,103.0,0.55225503,127.0,99.0,0.28774044,122.0,97.0,0.3975167,100.0,95.0,0.28478816,85.0,93.0,0.5576823,83.0,92.0,0.3951746,211.0,127.0,0.65996397,205.0,122.0,0.5646826,203.0,183.0,0.72076863,249.0,112.0,0.44878736,204.0,242.0,0.90745604,278.0,111.0,0.69372505
guy3_warrior119_flipped.jpg,182.0,113.0,0.48024565,185.0,108.0,0.6877442,181.0,106.0,0.5564182,178.0,99.0,0.5312807,172.0,96.0,0.65345144,166.0,102.0,0.39949003,145.0,100.0,0.8228503,184.0,96.0,0.29954,173.0,97.0,0.51776975,211.0,95.0,0.37989736,212.0,94.0,0.36166522,100.0,121.0,0.65638363,88.0,124.0,0.85130996,66.0,116.0,0.5174736,94.0,183.0,0.47598937,25.0,106.0,0.3929445,96.0,243.0,0.8098894
guy3_warrior120.jpg,118.0,114.0,0.58354306,119.0,108.0,0.5385133,113.0,109.0,0.53374237,131.0,98.0,0.503916,119.0,101.0,0.31532896,156.0,103.0,0.46529418,128.0,99.0,0.22092785,121.0,96.0,0.3714711,104.0,94.0,0.28060034,86.0,93.0,0.45539853,84.0,93.0,0.32001942,209.0,128.0,0.53929734,202.0,122.0,0.52464044,203.0,184.0,0.7079694,247.0,112.0,0.4102242,205.0,243.0,0.8747816,277.0,108.0,0.57923144
guy3_warrior120_flipped.jpg,182.0,115.0,0.54012024,186.0,110.0,0.586242,182.0,108.0,0.48214033,179.0,99.0,0.41508004,171.0,96.0,0.5580486,168.0,99.0,0.6489376,146.0,100.0,0.76052463,186.0,95.0,0.32329905,175.0,97.0,0.36932665,213.0,95.0,0.28836426,213.0,93.0,0.2526396,100.0,119.0,0.87388647,89.0,123.0,0.8653288,62.0,115.0,0.5512608,94.0,182.0,0.3302646,29.0,106.0,0.22025713,95.0,243.0,0.7722041
guy3_warrior121.jpg,117.0,114.0,0.571576,119.0,109.0,0.57841897,113.0,109.0,0.56639063,130.0,98.0,0.51968974,119.0,102.0,0.35689405,156.0,103.0,0.5692253,129.0,99.0,0.2125165,121.0,96.0,0.50695634,101.0,96.0,0.3465419,86.0,92.0,0.62767863,83.0,92.0,0.3763548,212.0,127.0,0.65321624,204.0,122.0,0.3833887,204.0,184.0,0.74635,246.0,115.0,0.3696746,205.0,241.0,0.86369836,278.0,108.0,0.46326655
guy3_warrior121_flipped.jpg,181.0,114.0,0.56777585,185.0,109.0,0.58507943,181.0,108.0,0.5143904,178.0,98.0,0.4582172,171.0,97.0,0.6141975,168.0,97.0,0.6038467,148.0,98.0,0.6930468,182.0,98.0,0.24240135,173.0,97.0,0.5696549,211.0,94.0,0.3479474,208.0,93.0,0.5535395,100.0,121.0,0.66747403,90.0,123.0,0.8875065,62.0,116.0,0.48520806,94.0,182.0,0.34346214,30.0,103.0,0.45768043,94.0,242.0,0.6628786
guy3_warrior122.jpg,117.0,114.0,0.52743226,118.0,109.0,0.53902453,113.0,109.0,0.53050745,130.0,98.0,0.47867617,119.0,102.0,0.3544101,155.0,105.0,0.5277091,126.0,101.0,0.32976422,121.0,96.0,0.47905174,100.0,97.0,0.3607013,84.0,91.0,0.5128765,80.0,91.0,0.38557106,213.0,127.0,0.6031281,206.0,123.0,0.42023635,204.0,183.0,0.5123259,248.0,115.0,0.36403927,205.0,241.0,0.83224404,279.0,110.0,0.5569994
guy3_warrior122_flipped.jpg,182.0,112.0,0.68992186,186.0,108.0,0.7188736,183.0,107.0,0.6131084,178.0,98.0,0.60064685,171.0,95.0,0.57254183,170.0,97.0,0.528038,148.0,97.0,0.75764704,188.0,99.0,0.27836454,173.0,98.0,0.5645058,211.0,93.0,0.42937145,209.0,91.0,0.5088202,100.0,120.0,0.8062751,88.0,123.0,0.79580426,95.0,179.0,0.36763394,94.0,181.0,0.30688477,30.0,104.0,0.26656625,17.0,107.0,0.53861725
guy3_warrior123.jpg,117.0,116.0,0.48948956,118.0,110.0,0.52395475,113.0,112.0,0.5111327,130.0,100.0,0.58523166,119.0,102.0,0.39657363,154.0,104.0,0.5457206,129.0,103.0,0.27627993,120.0,96.0,0.5718487,100.0,97.0,0.2913005,83.0,91.0,0.7099201,80.0,91.0,0.36216074,212.0,127.0,0.6278323,206.0,123.0,0.444055,204.0,184.0,0.7158593,245.0,116.0,0.43848908,206.0,242.0,0.8722497,280.0,110.0,0.61667943
guy3_warrior123_flipped.jpg,181.0,115.0,0.65290785,186.0,111.0,0.51258844,182.0,110.0,0.6505141,179.0,101.0,0.5342909,172.0,98.0,0.5536326,168.0,99.0,0.6727116,150.0,99.0,0.47381198,192.0,98.0,0.27782643,176.0,95.0,0.4926661,211.0,91.0,0.26536214,211.0,90.0,0.4235931,99.0,123.0,0.6274536,90.0,126.0,0.81433666,59.0,116.0,0.58046055,94.0,183.0,0.48099786,25.0,103.0,0.41188174,94.0,242.0,0.71637326
guy3_warrior124.jpg,117.0,115.0,0.5054898,118.0,110.0,0.49511063,113.0,111.0,0.5506569,130.0,100.0,0.5768343,120.0,102.0,0.4269495,152.0,104.0,0.42362717,129.0,103.0,0.28583306,116.0,96.0,0.52528715,96.0,101.0,0.26912582,85.0,90.0,0.59059596,55.0,95.0,0.49648398,211.0,128.0,0.5796436,208.0,123.0,0.43746096,203.0,184.0,0.6990583,245.0,116.0,0.4417077,206.0,242.0,0.8712195,282.0,113.0,0.56705093
guy3_warrior124_flipped.jpg,181.0,115.0,0.61511064,184.0,111.0,0.62166727,182.0,109.0,0.64195216,178.0,100.0,0.49351576,173.0,98.0,0.54134595,168.0,98.0,0.63335323,151.0,97.0,0.64793515,195.0,97.0,0.36173743,177.0,95.0,0.5091679,214.0,91.0,0.3481173,212.0,88.0,0.5201864,97.0,124.0,0.793144,90.0,126.0,0.86378604,52.0,115.0,0.61016107,94.0,183.0,0.48152953,93.0,243.0,0.41310567,93.0,243.0,0.5177992
guy3_warrior125.jpg,116.0,116.0,0.75136626,116.0,110.0,0.74214834,114.0,111.0,0.68829757,127.0,101.0,0.61100936,122.0,101.0,0.7551447,151.0,105.0,0.72274387,133.0,104.0,0.69857764,116.0,93.0,0.68918097,103.0,100.0,0.4691826,86.0,88.0,0.6990646,83.0,92.0,0.42181665,210.0,125.0,0.887896,207.0,120.0,0.85781395,205.0,184.0,0.7369383,250.0,113.0,0.71114695,205.0,243.0,0.8978493,282.0,111.0,0.7932213
guy3_warrior125_flipped.jpg,181.0,115.0,0.61690545,185.0,111.0,0.6567948,182.0,109.0,0.5916368,177.0,99.0,0.47339565,173.0,97.0,0.4460631,168.0,99.0,0.6386422,152.0,99.0,0.65134346,195.0,98.0,0.4201923,178.0,96.0,0.5124601,214.0,89.0,0.38540334,213.0,87.0,0.5874964,97.0,122.0,0.7790106,90.0,126.0,0.7882452,56.0,116.0,0.58474624,93.0,186.0,0.67943126,24.0,105.0,0.3626851,93.0,245.0,0.55909264
guy3_warrior126.jpg,116.0,117.0,0.45984492,117.0,113.0,0.45765468,113.0,114.0,0.5129513,127.0,102.0,0.5769826,119.0,104.0,0.5066571,151.0,103.0,0.4665879,130.0,107.0,0.38049552,116.0,95.0,0.50050294,92.0,103.0,0.41686016,84.0,85.0,0.54685676,54.0,96.0,0.74040675,211.0,128.0,0.57901263,208.0,124.0,0.52718806,204.0,185.0,0.7245754,247.0,117.0,0.42331138,206.0,244.0,0.85872126,283.0,112.0,0.5915748
guy3_warrior126_flipped.jpg,181.0,117.0,0.6920694,184.0,113.0,0.71828824,182.0,112.0,0.5137329,176.0,101.0,0.7128978,173.0,100.0,0.42960998,167.0,100.0,0.7729757,151.0,100.0,0.6013064,197.0,98.0,0.5486032,179.0,96.0,0.64095044,217.0,91.0,0.30780378,214.0,85.0,0.49575785,97.0,124.0,0.7991976,89.0,126.0,0.7624185,52.0,115.0,0.66873467,94.0,184.0,0.5615933,93.0,243.0,0.32591504,94.0,243.0,0.6060258
guy3_warrior127.jpg,116.0,118.0,0.61250246,115.0,112.0,0.7354852,112.0,112.0,0.7178768,128.0,103.0,0.71941674,121.0,103.0,0.55908084,154.0,106.0,0.7861851,131.0,108.0,0.7409674,120.0,96.0,0.62594557,99.0,101.0,0.3744493,86.0,84.0,0.74367094,83.0,91.0,0.2002143,212.0,125.0,0.924595,207.0,121.0,0.84020394,205.0,184.0,0.63857865,252.0,113.0,0.74694955,207.0,243.0,0.95347726,284.0,112.0,0.75357664
guy3_warrior127_flipped.jpg,181.0,119.0,0.73939633,184.0,114.0,0.7121859,182.0,112.0,0.5191663,176.0,102.0,0.5015313,173.0,101.0,0.5514381,166.0,104.0,0.735844,151.0,101.0,0.67649364,190.0,101.0,0.4543415,176.0,98.0,0.47784844,215.0,88.0,0.39466083,214.0,86.0,0.59756994,97.0,126.0,0.59233147,90.0,127.0,0.9113913,94.0,181.0,0.38343492,95.0,183.0,0.2521607,15.0,107.0,0.45712256,93.0,243.0,0.8302705
guy3_warrior128.jpg,115.0,119.0,0.59688926,116.0,113.0,0.68541384,112.0,113.0,0.7529326,128.0,104.0,0.7501116,120.0,105.0,0.60195327,152.0,107.0,0.5070245,130.0,110.0,0.700974,118.0,96.0,0.62693834,98.0,101.0,0.2631022,85.0,83.0,0.66943985,81.0,89.0,0.20845097,211.0,125.0,0.83027333,205.0,123.0,0.77284807,205.0,184.0,0.71051276,251.0,116.0,0.69420356,206.0,243.0,0.94469994,285.0,112.0,0.74082714
guy3_warrior128_flipped.jpg,183.0,119.0,0.6336236,186.0,114.0,0.56845397,183.0,112.0,0.439782,178.0,104.0,0.41768578,173.0,102.0,0.66067195,166.0,105.0,0.6448852,148.0,102.0,0.6397774,190.0,101.0,0.2898875,180.0,97.0,0.7206368,210.0,94.0,0.2004074,212.0,86.0,0.44135886,96.0,124.0,0.79704964,90.0,129.0,0.8808962,50.0,116.0,0.703781,94.0,184.0,0.6196862,17.0,111.0,0.5414872,94.0,243.0,0.8316524
guy3_warrior129.jpg,113.0,118.0,0.58244085,114.0,113.0,0.58969414,110.0,114.0,0.6777619,125.0,104.0,0.49837914,116.0,106.0,0.3772006,150.0,107.0,0.4802777,127.0,108.0,0.37127453,109.0,95.0,0.1811795,92.0,102.0,0.40281639,80.0,81.0,0.4261686,53.0,96.0,0.5103006,211.0,129.0,0.5375275,208.0,122.0,0.45606405,204.0,186.0,0.66489935,248.0,117.0,0.4082405,205.0,245.0,0.78886604,285.0,115.0,0.55700624
guy3_warrior129_flipped.jpg,184.0,119.0,0.6054467,187.0,114.0,0.74282146,184.0,113.0,0.66517854,178.0,104.0,0.5352469,172.0,102.0,0.63240325,163.0,107.0,0.696449,146.0,105.0,0.45140404,190.0,100.0,0.18913,179.0,99.0,0.36909753,210.0,96.0,0.21016982,218.0,85.0,0.21642412,97.0,126.0,0.704584,91.0,131.0,0.83472085,53.0,119.0,0.7125756,95.0,186.0,0.6245034,15.0,110.0,0.53506553,94.0,244.0,0.7823096
guy3_warrior130.jpg,114.0,121.0,0.68871415,113.0,114.0,0.617436,110.0,115.0,0.74422646,126.0,106.0,0.62390697,120.0,107.0,0.76927894,152.0,110.0,0.7002344,132.0,113.0,0.7885138,119.0,100.0,0.42229658,98.0,105.0,0.3867156,84.0,86.0,0.6038561,80.0,98.0,0.17768905,210.0,129.0,0.856139,207.0,124.0,0.8373453,204.0,186.0,0.71397066,251.0,118.0,0.69596183,205.0,245.0,0.8870184,285.0,117.0,0.83832043
guy3_warrior130_flipped.jpg,184.0,120.0,0.5246356,187.0,116.0,0.664528,184.0,114.0,0.440173,179.0,105.0,0.49490663,173.0,103.0,0.45300606,162.0,110.0,0.72024065,147.0,107.0,0.53071576,190.0,103.0,0.26250926,182.0,99.0,0.42637044,214.0,90.0,0.23120923,216.0,87.0,0.47871342,97.0,127.0,0.55352235,92.0,132.0,0.8084345,53.0,119.0,0.62858284,95.0,187.0,0.52861327,17.0,112.0,0.50819033,95.0,245.0,0.69683933
guy3_warrior131.jpg,113.0,122.0,0.55490273,114.0,116.0,0.73482406,110.0,116.0,0.7588873,125.0,107.0,0.69096506,118.0,108.0,0.6136867,151.0,111.0,0.5652454,131.0,115.0,0.6108313,115.0,99.0,0.5896888,100.0,105.0,0.35630372,81.0,85.0,0.38339132,78.0,96.0,0.12060754,211.0,129.0,0.86782295,205.0,125.0,0.78294146,204.0,186.0,0.67513263,251.0,119.0,0.7329429,204.0,245.0,0.8648113,286.0,117.0,0.6797657
guy3_warrior131_flipped.jpg,184.0,121.0,0.59379566,187.0,117.0,0.53868985,184.0,116.0,0.6057989,179.0,108.0,0.28708678,174.0,106.0,0.48650268,164.0,110.0,0.58347595,147.0,109.0,0.48941624,193.0,102.0,0.31209946,181.0,100.0,0.4296129,215.0,88.0,0.15851493,219.0,87.0,0.40378046,97.0,125.0,0.72642976,93.0,132.0,0.7466062,57.0,122.0,0.70620334,95.0,188.0,0.57906806,19.0,113.0,0.51099074,94.0,246.0,0.7213794
guy3_warrior132.jpg,113.0,122.0,0.68270403,113.0,116.0,0.61985177,110.0,116.0,0.76074857,125.0,107.0,0.58287656,119.0,108.0,0.77875364,149.0,110.0,0.69950473,130.0,115.0,0.7346798,113.0,96.0,0.5245191,94.0,105.0,0.34392872,81.0,84.0,0.45240846,67.0,98.0,0.15874308,211.0,130.0,0.9307598,205.0,128.0,0.8240947,203.0,188.0,0.6891134,250.0,121.0,0.66059834,205.0,245.0,0.92912316,285.0,120.0,0.6831086
guy3_warrior132_flipped.jpg,184.0,122.0,0.5420748,188.0,118.0,0.4904937,185.0,116.0,0.47759834,180.0,109.0,0.2514182,174.0,107.0,0.34604815,164.0,109.0,0.51221263,147.0,111.0,0.66657007,197.0,105.0,0.23250134,182.0,101.0,0.48162514,215.0,89.0,0.2548444,218.0,86.0,0.36103645,96.0,127.0,0.73201394,93.0,133.0,0.68177223,58.0,123.0,0.6871339,96.0,189.0,0.5240376,18.0,113.0,0.48522297,94.0,246.0,0.67689306
guy3_warrior133.jpg,113.0,122.0,0.46686733,112.0,118.0,0.4881484,108.0,118.0,0.56112766,124.0,108.0,0.51035,116.0,110.0,0.3490156,150.0,111.0,0.4320219,128.0,110.0,0.44270408,119.0,104.0,0.272655,91.0,106.0,0.36686006,79.0,84.0,0.60482514,52.0,100.0,0.6227087,210.0,134.0,0.5210646,206.0,127.0,0.5005082,202.0,189.0,0.695943,249.0,121.0,0.56605464,204.0,246.0,0.8759249,284.0,118.0,0.48085156
guy3_warrior133_flipped.jpg,185.0,122.0,0.60315514,189.0,117.0,0.64614904,186.0,116.0,0.60339034,180.0,109.0,0.57278204,175.0,107.0,0.64774144,165.0,110.0,0.70075667,149.0,110.0,0.6589878,199.0,108.0,0.46613702,183.0,103.0,0.50641453,219.0,89.0,0.14301713,219.0,87.0,0.42151862,96.0,125.0,0.6221181,93.0,134.0,0.75206673,54.0,123.0,0.816432,96.0,190.0,0.5235834,18.0,115.0,0.6122203,94.0,246.0,0.74496675
guy3_warrior134.jpg,112.0,123.0,0.5849042,111.0,117.0,0.5561718,108.0,118.0,0.6152319,124.0,109.0,0.63788223,117.0,111.0,0.5391116,151.0,113.0,0.58277583,126.0,116.0,0.55673665,116.0,103.0,0.43127558,87.0,108.0,0.39413565,79.0,85.0,0.6914493,49.0,102.0,0.7019429,209.0,134.0,0.6421558,204.0,130.0,0.42983463,202.0,189.0,0.68115604,245.0,124.0,0.4578101,203.0,248.0,0.8932485,283.0,119.0,0.5255547
guy3_warrior134_flipped.jpg,186.0,122.0,0.69726527,189.0,117.0,0.54331803,187.0,116.0,0.48055694,180.0,108.0,0.74378204,178.0,106.0,0.61590046,166.0,113.0,0.71527016,151.0,107.0,0.7550218,200.0,107.0,0.44084004,184.0,103.0,0.36321753,216.0,108.0,0.20612453,219.0,88.0,0.5268553,97.0,126.0,0.7637983,94.0,133.0,0.89762104,52.0,123.0,0.8107667,97.0,189.0,0.6621283,18.0,116.0,0.72366655,95.0,248.0,0.7624563
guy3_warrior135.jpg,111.0,125.0,0.57422256,112.0,119.0,0.5738823,108.0,120.0,0.60380924,123.0,110.0,0.6678969,114.0,113.0,0.490654,151.0,114.0,0.5294624,125.0,118.0,0.42081654,117.0,104.0,0.5440221,87.0,110.0,0.4375767,78.0,86.0,0.58961105,49.0,103.0,0.5387583,209.0,136.0,0.5767778,203.0,132.0,0.46304238,201.0,190.0,0.6875553,243.0,125.0,0.5137813,202.0,248.0,0.8638645,284.0,122.0,0.52037734
guy3_warrior135_flipped.jpg,187.0,125.0,0.6565638,191.0,121.0,0.6354599,188.0,119.0,0.48773253,182.0,112.0,0.55423075,179.0,110.0,0.55168587,168.0,115.0,0.6059514,155.0,112.0,0.6191136,201.0,108.0,0.37399894,184.0,103.0,0.523383,218.0,92.0,0.2623322,219.0,90.0,0.41703677,100.0,129.0,0.55368817,95.0,135.0,0.84860957,57.0,125.0,0.73136544,98.0,190.0,0.44929206,18.0,118.0,0.5960132,96.0,247.0,0.7382505
guy3_warrior136.jpg,111.0,126.0,0.5718948,112.0,121.0,0.5894944,108.0,122.0,0.6288719,124.0,112.0,0.7442413,116.0,113.0,0.61518145,150.0,114.0,0.6175424,126.0,118.0,0.46242192,113.0,104.0,0.48753884,89.0,112.0,0.44480744,77.0,86.0,0.83071345,51.0,103.0,0.65992844,208.0,138.0,0.5093498,204.0,132.0,0.56685257,200.0,192.0,0.6592413,244.0,125.0,0.52004,202.0,249.0,0.8457072,282.0,122.0,0.5470793
guy3_warrior136_flipped.jpg,188.0,125.0,0.6403417,192.0,121.0,0.593649,189.0,119.0,0.56817544,183.0,112.0,0.5477649,180.0,110.0,0.5313711,167.0,116.0,0.6270731,154.0,113.0,0.58843637,199.0,109.0,0.46750444,185.0,105.0,0.51040626,219.0,93.0,0.31552804,220.0,91.0,0.4679728,99.0,128.0,0.7595845,95.0,136.0,0.8640333,55.0,127.0,0.7825711,99.0,192.0,0.5450206,17.0,119.0,0.7929817,96.0,247.0,0.8331202
guy3_warrior137_flipped.jpg,189.0,127.0,0.5821537,192.0,123.0,0.76163256,190.0,121.0,0.55526567,184.0,114.0,0.65816414,181.0,112.0,0.6616286,167.0,115.0,0.64726603,156.0,113.0,0.6065862,200.0,108.0,0.4179039,188.0,105.0,0.5021923,220.0,92.0,0.23055233,221.0,91.0,0.5328684,99.0,129.0,0.73895204,96.0,136.0,0.8002012,57.0,128.0,0.76222587,99.0,193.0,0.6095099,18.0,120.0,0.7296493,97.0,248.0,0.8604257
guy3_warrior138.jpg,108.0,129.0,0.6002872,108.0,124.0,0.76716745,105.0,125.0,0.5727593,119.0,116.0,0.6075658,114.0,117.0,0.7474859,143.0,117.0,0.69568485,124.0,125.0,0.750385,107.0,105.0,0.3818581,89.0,113.0,0.39798513,78.0,87.0,0.4753812,68.0,107.0,0.17819466,205.0,135.0,0.92188877,202.0,131.0,0.8488527,199.0,193.0,0.73131406,248.0,128.0,0.68308,201.0,250.0,0.9251217,282.0,123.0,0.84369916
guy3_warrior138_flipped.jpg,190.0,128.0,0.56624746,193.0,124.0,0.70362604,191.0,122.0,0.7343063,185.0,115.0,0.58146065,184.0,112.0,0.6525948,171.0,115.0,0.5924946,159.0,113.0,0.57223916,199.0,109.0,0.34617543,187.0,107.0,0.5108642,223.0,92.0,0.14971009,223.0,90.0,0.6115056,100.0,129.0,0.77746135,97.0,138.0,0.86300445,57.0,129.0,0.8110023,100.0,194.0,0.6792093,18.0,121.0,0.7798364,98.0,249.0,0.90241176
guy3_warrior139.jpg,109.0,131.0,0.4699646,109.0,126.0,0.4930069,106.0,127.0,0.61415994,119.0,116.0,0.47686976,112.0,120.0,0.40097952,139.0,119.0,0.5735229,122.0,126.0,0.5983188,102.0,104.0,0.34894168,85.0,113.0,0.3939745,71.0,86.0,0.6058917,51.0,106.0,0.50434613,203.0,139.0,0.64093655,201.0,134.0,0.41184133,198.0,195.0,0.6223478,242.0,130.0,0.46772814,199.0,251.0,0.78966326,280.0,126.0,0.62047786
guy3_warrior139_flipped.jpg,189.0,128.0,0.5854136,193.0,124.0,0.67026615,191.0,122.0,0.52562606,185.0,113.0,0.4642491,183.0,112.0,0.46682703,173.0,115.0,0.72808945,161.0,114.0,0.4689593,207.0,112.0,0.46920487,189.0,109.0,0.44828242,227.0,110.0,0.26589218,221.0,92.0,0.55353075,101.0,130.0,0.618405,98.0,138.0,0.879928,56.0,130.0,0.74581575,101.0,195.0,0.7714136,15.0,123.0,0.7846322,99.0,250.0,0.8851062
guy3_warrior140.jpg,108.0,134.0,0.63461566,106.0,129.0,0.5781859,104.0,130.0,0.75305694,116.0,120.0,0.8046699,112.0,120.0,0.6292589,139.0,118.0,0.7366258,124.0,125.0,0.71966004,107.0,108.0,0.43590087,91.0,116.0,0.45472074,76.0,90.0,0.56918347,66.0,110.0,0.21738917,204.0,137.0,0.94131047,199.0,133.0,0.81421006,198.0,196.0,0.78546643,247.0,131.0,0.7259252,200.0,252.0,0.9197783,282.0,125.0,0.8712333
guy3_warrior140_flipped.jpg,189.0,133.0,0.63222826,192.0,130.0,0.61510795,190.0,128.0,0.59849346,185.0,120.0,0.5502421,182.0,118.0,0.50236905,172.0,117.0,0.6523554,159.0,116.0,0.561715,206.0,114.0,0.48138127,191.0,110.0,0.4084757,222.0,97.0,0.26828843,222.0,93.0,0.43675807,101.0,132.0,0.75107664,100.0,141.0,0.8227964,60.0,131.0,0.8373972,102.0,196.0,0.6751976,19.0,123.0,0.81695586,99.0,251.0,0.86198646
guy3_warrior141.jpg,110.0,133.0,0.5807123,109.0,129.0,0.6123515,106.0,130.0,0.60684156,116.0,119.0,0.55835545,110.0,122.0,0.4873229,135.0,119.0,0.5106189,118.0,129.0,0.4696098,105.0,109.0,0.2820609,85.0,134.0,0.4186374,77.0,94.0,0.6981156,53.0,147.0,0.67345065,198.0,142.0,0.45029593,197.0,137.0,0.48119876,196.0,197.0,0.40629676,242.0,130.0,0.49745983,197.0,254.0,0.70615745,279.0,129.0,0.44057304
guy3_warrior141_flipped.jpg,190.0,133.0,0.5378399,193.0,130.0,0.6031649,192.0,129.0,0.5550972,187.0,121.0,0.48527086,184.0,118.0,0.46965772,178.0,120.0,0.5346103,162.0,116.0,0.6846091,217.0,135.0,0.59536517,192.0,112.0,0.35353506,244.0,144.0,0.40049207,223.0,95.0,0.68940544,104.0,133.0,0.6887506,102.0,141.0,0.670588,59.0,132.0,0.73554623,103.0,198.0,0.6763079,19.0,123.0,0.66344357,101.0,253.0,0.8350127
guy3_warrior142.jpg,107.0,134.0,0.54318917,107.0,129.0,0.63032603,103.0,129.0,0.57677686,117.0,121.0,0.4889939,110.0,122.0,0.42855877,136.0,121.0,0.55724156,122.0,128.0,0.5184219,102.0,108.0,0.10817716,83.0,136.0,0.53580606,73.0,94.0,0.59554183,59.0,144.0,0.27948144,201.0,140.0,0.9184811,195.0,138.0,0.7339674,196.0,198.0,0.72972083,245.0,133.0,0.7166065,199.0,254.0,0.85982364,282.0,129.0,0.8628893
guy3_warrior142_flipped.jpg,190.0,134.0,0.5670752,194.0,130.0,0.4237039,192.0,129.0,0.45402983,188.0,123.0,0.34826693,184.0,118.0,0.46072236,178.0,124.0,0.5108669,160.0,117.0,0.5579918,216.0,137.0,0.47243845,194.0,114.0,0.4714185,241.0,144.0,0.24710758,223.0,98.0,0.5467265,105.0,136.0,0.71209836,102.0,143.0,0.6266944,62.0,133.0,0.64272535,103.0,200.0,0.6645395,21.0,126.0,0.5981154,101.0,254.0,0.82683444
guy3_warrior143.jpg,109.0,134.0,0.58573556,108.0,129.0,0.66778475,105.0,130.0,0.6345098,117.0,119.0,0.54917365,113.0,121.0,0.5956046,137.0,121.0,0.63948286,124.0,125.0,0.5296019,101.0,109.0,0.28101394,88.0,116.0,0.38972834,76.0,97.0,0.54875183,63.0,112.0,0.20219287,198.0,141.0,0.8303597,196.0,136.0,0.79802305,195.0,198.0,0.7514511,243.0,133.0,0.6386483,197.0,254.0,0.90485215,281.0,130.0,0.843346
guy3_warrior143_flipped.jpg,188.0,135.0,0.5195509,192.0,130.0,0.60668254,190.0,130.0,0.6154269,186.0,121.0,0.4295983,184.0,120.0,0.5317191,170.0,119.0,0.6002377,159.0,120.0,0.6812206,205.0,116.0,0.2668197,193.0,114.0,0.48191583,221.0,103.0,0.36905116,222.0,102.0,0.3957162,104.0,136.0,0.72301686,104.0,145.0,0.66284764,60.0,134.0,0.53495944,105.0,200.0,0.47010425,21.0,129.0,0.7095382,101.0,254.0,0.8205966
guy3_warrior144.jpg,107.0,132.0,0.5897654,106.0,127.0,0.6161424,104.0,128.0,0.64054996,117.0,117.0,0.5865902,113.0,121.0,0.45417437,138.0,120.0,0.6216362,124.0,124.0,0.5605594,97.0,112.0,0.17008427,89.0,116.0,0.45392016,70.0,98.0,0.5114726,63.0,111.0,0.23449968,198.0,145.0,0.8307503,195.0,140.0,0.59867626,194.0,201.0,0.64636254,242.0,138.0,0.57974285,197.0,255.0,0.92593396,280.0,133.0,0.7870798
guy3_warrior144_flipped.jpg,191.0,132.0,0.5837767,195.0,127.0,0.6312423,192.0,126.0,0.62824464,188.0,117.0,0.36553186,184.0,116.0,0.5162777,169.0,119.0,0.5823031,160.0,119.0,0.520802,201.0,116.0,0.32151422,195.0,114.0,0.38093892,222.0,105.0,0.2703755,224.0,105.0,0.4132673,105.0,139.0,0.71136224,104.0,146.0,0.6819085,63.0,138.0,0.44448414,106.0,202.0,0.45301116,19.0,132.0,0.72737396,102.0,256.0,0.7800063
guy3_warrior145.jpg,107.0,133.0,0.51156944,106.0,128.0,0.3985762,104.0,128.0,0.6424899,117.0,118.0,0.53540087,111.0,120.0,0.46916577,136.0,119.0,0.45958412,123.0,125.0,0.6205261,96.0,111.0,0.39008838,90.0,117.0,0.44010168,71.0,101.0,0.4747107,68.0,105.0,0.207565,196.0,147.0,0.74992204,194.0,141.0,0.6851005,192.0,202.0,0.84257746,239.0,142.0,0.6504775,195.0,256.0,0.9037343,280.0,138.0,0.82030106
guy3_warrior145_flipped.jpg,191.0,132.0,0.53445464,195.0,127.0,0.57009757,193.0,127.0,0.6663313,188.0,118.0,0.3617688,185.0,116.0,0.4870285,169.0,120.0,0.5333579,159.0,118.0,0.723002,198.0,114.0,0.3216744,195.0,113.0,0.43081328,222.0,107.0,0.31555662,224.0,105.0,0.5457647,107.0,142.0,0.74365735,103.0,146.0,0.7005908,61.0,142.0,0.6646119,108.0,201.0,0.52626157,20.0,135.0,0.7877912,103.0,256.0,0.80078685
guy3_warrior146.jpg,107.0,128.0,0.5060425,107.0,124.0,0.43639603,104.0,125.0,0.5442184,118.0,115.0,0.6378183,112.0,117.0,0.3270207,136.0,119.0,0.58563316,124.0,121.0,0.38228858,98.0,111.0,0.22039388,87.0,114.0,0.35769865,73.0,101.0,0.40901473,73.0,104.0,0.23061924,195.0,148.0,0.7284029,191.0,144.0,0.59694684,191.0,202.0,0.7458285,236.0,148.0,0.6091769,194.0,257.0,0.888915,279.0,143.0,0.8486729
guy3_warrior146_flipped.jpg,192.0,129.0,0.54407036,195.0,125.0,0.66273904,193.0,124.0,0.55793774,190.0,116.0,0.41990364,186.0,114.0,0.5476686,174.0,123.0,0.53143966,159.0,117.0,0.63761765,203.0,113.0,0.37995884,195.0,111.0,0.432156,223.0,105.0,0.3006778,227.0,102.0,0.51882553,108.0,144.0,0.73590386,105.0,148.0,0.654741,63.0,147.0,0.60746455,110.0,203.0,0.544791,21.0,140.0,0.7452489,105.0,257.0,0.79911935
guy3_warrior147.jpg,107.0,128.0,0.59068215,107.0,124.0,0.6075778,104.0,125.0,0.585955,117.0,114.0,0.61898637,111.0,116.0,0.384649,137.0,118.0,0.73077464,121.0,123.0,0.44123584,102.0,108.0,0.4698046,92.0,114.0,0.41859794,69.0,99.0,0.46452165,67.0,101.0,0.27564365,195.0,148.0,0.7365849,190.0,145.0,0.61461544,191.0,204.0,0.7017531,234.0,151.0,0.63968855,192.0,258.0,0.9087778,278.0,149.0,0.79497766
guy3_warrior147_flipped.jpg,192.0,127.0,0.41900983,196.0,123.0,0.57681715,194.0,122.0,0.65755737,190.0,115.0,0.548706,186.0,113.0,0.6095152,173.0,122.0,0.6668733,158.0,116.0,0.63381046,200.0,113.0,0.48763025,195.0,110.0,0.716491,222.0,108.0,0.44411203,225.0,104.0,0.4857185,109.0,147.0,0.7122398,102.0,149.0,0.85430074,62.0,151.0,0.73654974,110.0,204.0,0.74150026,20.0,147.0,0.8358523,106.0,259.0,0.77312267
guy3_warrior148.jpg,106.0,127.0,0.58580124,106.0,122.0,0.6575285,103.0,123.0,0.5807988,117.0,114.0,0.6560576,111.0,116.0,0.3099448,137.0,118.0,0.6451435,121.0,124.0,0.5235611,101.0,104.0,0.5361277,92.0,112.0,0.54789054,67.0,93.0,0.3973958,65.0,96.0,0.2607182,195.0,149.0,0.81255525,190.0,147.0,0.59798026,189.0,204.0,0.89110047,236.0,154.0,0.5989251,192.0,259.0,0.91388655,281.0,155.0,0.8072644
guy3_warrior148_flipped.jpg,193.0,125.0,0.52480066,196.0,122.0,0.587131,194.0,120.0,0.7076844,188.0,113.0,0.472358,186.0,113.0,0.56890815,171.0,117.0,0.726143,160.0,115.0,0.69186795,205.0,111.0,0.3201257,196.0,107.0,0.44090012,225.0,101.0,0.3065199,228.0,98.0,0.4946576,108.0,148.0,0.82291496,101.0,150.0,0.9274086,63.0,155.0,0.85889214,112.0,205.0,0.8797825,20.0,153.0,0.9016302,106.0,260.0,0.90511435
guy3_warrior149.jpg,105.0,123.0,0.46938196,104.0,117.0,0.5957689,101.0,118.0,0.43964994,115.0,108.0,0.6200098,109.0,109.0,0.41093487,136.0,114.0,0.60403454,121.0,118.0,0.52424103,101.0,103.0,0.6589683,92.0,108.0,0.49009818,70.0,91.0,0.38926315,68.0,94.0,0.3337882,195.0,150.0,0.79276586,190.0,148.0,0.5961187,188.0,205.0,0.8780986,235.0,159.0,0.49292487,191.0,259.0,0.91642165,281.0,166.0,0.79091144
guy3_warrior149_flipped.jpg,194.0,123.0,0.5513248,197.0,119.0,0.6776306,195.0,117.0,0.67711776,188.0,109.0,0.6711321,186.0,108.0,0.7083912,170.0,116.0,0.7496334,160.0,114.0,0.7652942,201.0,108.0,0.5745736,194.0,104.0,0.423485,227.0,97.0,0.44365865,231.0,95.0,0.388235,108.0,150.0,0.7313756,101.0,151.0,0.92629397,64.0,161.0,0.7729368,113.0,207.0,0.7920104,19.0,162.0,0.83137757,107.0,262.0,0.93602914
guy3_warrior150.jpg,106.0,121.0,0.51669943,105.0,116.0,0.658302,102.0,117.0,0.4616616,116.0,107.0,0.58783007,109.0,110.0,0.41067806,137.0,113.0,0.64014935,123.0,121.0,0.49636194,106.0,99.0,0.6734431,95.0,103.0,0.4934096,72.0,86.0,0.40279648,70.0,90.0,0.29101712,194.0,153.0,0.79329425,187.0,151.0,0.7412604,187.0,207.0,0.9078119,232.0,163.0,0.64328665,190.0,261.0,0.8996126,278.0,170.0,0.7545443
guy3_warrior150_flipped.jpg,191.0,121.0,0.6563422,194.0,116.0,0.7883673,193.0,115.0,0.63622797,188.0,106.0,0.6524396,185.0,106.0,0.7224542,169.0,115.0,0.58095986,159.0,110.0,0.8031623,199.0,103.0,0.40847,193.0,100.0,0.45441014,220.0,92.0,0.4514134,223.0,91.0,0.49694636,109.0,151.0,0.8222906,103.0,151.0,0.91757745,66.0,164.0,0.7886442,114.0,207.0,0.7477558,22.0,169.0,0.83911216,108.0,262.0,0.8486654
