guy3_tree085.jpg,173.0,38.0,0.6504088,179.0,33.0,0.85109264,169.0,33.0,0.7072724,191.0,35.0,0.68581504,167.0,35.0,0.40279976,202.0,71.0,0.7054671,158.0,70.0,0.7955478,222.0,105.0,0.6989536,130.0,101.0,0.6102247,185.0,108.0,0.53774536,153.0,96.0,0.42776763,183.0,146.0,0.74289215,155.0,139.0,0.7460495,178.0,206.0,0.70254564,106.0,157.0,0.5476641,172.0,263.0,0.71653676,158.0,170.0,0.65606606
guy3_tree085_flipped.jpg,127.0,37.0,0.7973273,130.0,32.0,0.7560231,120.0,32.0,0.8092155,131.0,34.0,0.59898317,109.0,36.0,0.8462516,143.0,68.0,0.93062514,96.0,70.0,0.8406315,171.0,101.0,0.8496368,75.0,105.0,0.85351455,146.0,93.0,0.5666007,111.0,108.0,0.5320364,142.0,138.0,0.8783759,115.0,145.0,0.84834915,195.0,155.0,0.74829257,123.0,208.0,0.6439345,141.0,171.0,0.66098726,127.0,264.0,0.74052155
guy3_tree086.jpg,173.0,36.0,0.6056727,179.0,32.0,0.6975871,169.0,31.0,0.6135042,190.0,35.0,0.68122846,167.0,35.0,0.2467483,202.0,70.0,0.7021054,157.0,69.0,0.8261518,219.0,104.0,0.68393576,131.0,100.0,0.47576055,183.0,102.0,0.43525392,155.0,92.0,0.40229172,182.0,146.0,0.71906507,154.0,138.0,0.6575568,178.0,205.0,0.7092215,106.0,156.0,0.52358556,172.0,265.0,0.679872,157.0,169.0,0.6300397
guy3_tree086_flipped.jpg,128.0,37.0,0.68284345,131.0,31.0,0.66634476,121.0,31.0,0.6986954,130.0,33.0,0.76221305,109.0,35.0,0.80785275,144.0,68.0,0.84850115,96.0,69.0,0.95013905,169.0,100.0,0.71038806,78.0,103.0,0.9187026,144.0,89.0,0.59295833,116.0,100.0,0.5527549,142.0,138.0,0.87642896,116.0,146.0,0.85744333,196.0,155.0,0.7337644,123.0,209.0,0.87431717,144.0,169.0,0.6444273,127.0,263.0,0.7602642
guy3_tree087.jpg,172.0,36.0,0.56066346,178.0,31.0,0.88234025,169.0,31.0,0.76852363,190.0,35.0,0.8267256,168.0,35.0,0.4295657,203.0,70.0,0.8366392,156.0,69.0,0.744354,216.0,104.0,0.86116016,131.0,102.0,0.7692555,182.0,97.0,0.5013312,157.0,90.0,0.5023028,181.0,145.0,0.7981556,154.0,138.0,0.817513,177.0,206.0,0.77373147,106.0,156.0,0.5546795,171.0,265.0,0.78673965,156.0,170.0,0.68402183
guy3_tree087_flipped.jpg,128.0,36.0,0.78684,131.0,30.0,0.859111,121.0,30.0,0.86959225,130.0,33.0,0.7312336,109.0,35.0,0.9120482,145.0,68.0,0.8867721,94.0,69.0,0.9156395,170.0,102.0,0.91447616,81.0,103.0,0.9109785,143.0,87.0,0.47424865,119.0,96.0,0.64420784,142.0,137.0,0.90905774,115.0,145.0,0.90902776,194.0,153.0,0.8650286,123.0,207.0,0.849564,142.0,169.0,0.7084521,128.0,263.0,0.7296678
guy3_tree088.jpg,171.0,34.0,0.54059947,177.0,30.0,0.6018495,169.0,30.0,0.46477124,190.0,33.0,0.60219944,167.0,33.0,0.25362873,202.0,68.0,0.68794,156.0,68.0,0.7899562,213.0,100.0,0.7604391,132.0,100.0,0.77235866,176.0,90.0,0.6305859,159.0,86.0,0.36801627,181.0,143.0,0.7199975,154.0,136.0,0.6939766,176.0,205.0,0.7020817,105.0,155.0,0.5841041,171.0,263.0,0.7263082,155.0,169.0,0.693668
guy3_tree088_flipped.jpg,129.0,34.0,0.72060716,131.0,30.0,0.8520644,122.0,29.0,0.8617123,131.0,32.0,0.7422961,110.0,34.0,0.9103555,145.0,68.0,0.8679191,95.0,68.0,0.9331895,170.0,100.0,0.90858406,85.0,103.0,0.68684876,144.0,84.0,0.5294467,121.0,91.0,0.79403144,143.0,135.0,0.9151333,116.0,143.0,0.9145422,197.0,153.0,0.8250904,125.0,206.0,0.6569067,143.0,167.0,0.75970894,128.0,260.0,0.67070186
guy3_tree089.jpg,170.0,33.0,0.71231335,176.0,28.0,0.5512765,167.0,28.0,0.50551724,190.0,33.0,0.6938279,168.0,31.0,0.4466552,202.0,68.0,0.8542663,156.0,66.0,0.7271534,210.0,99.0,0.5221473,131.0,100.0,0.58385086,174.0,86.0,0.529006,158.0,84.0,0.5239679,179.0,143.0,0.6332362,154.0,135.0,0.79116726,177.0,206.0,0.6963453,104.0,155.0,0.54293525,170.0,265.0,0.826295,155.0,168.0,0.67272985
guy3_tree089_flipped.jpg,129.0,34.0,0.5421301,132.0,29.0,0.8700414,122.0,29.0,0.8839344,131.0,31.0,0.8179946,109.0,33.0,0.9143628,145.0,67.0,0.85175765,96.0,67.0,0.9485074,170.0,102.0,0.68886983,87.0,101.0,0.9032506,142.0,83.0,0.7205873,125.0,87.0,0.61931044,142.0,136.0,0.9049231,116.0,143.0,0.91452444,196.0,152.0,0.88910973,123.0,207.0,0.7831368,145.0,168.0,0.74698377,128.0,259.0,0.6280612
guy3_tree090.jpg,169.0,33.0,0.4757395,176.0,27.0,0.48233953,167.0,28.0,0.48629266,189.0,32.0,0.63272166,168.0,31.0,0.3931075,201.0,67.0,0.6239984,156.0,64.0,0.8020258,208.0,97.0,0.5881659,132.0,99.0,0.63841057,173.0,83.0,0.46725354,157.0,81.0,0.6091821,179.0,143.0,0.62879044,154.0,135.0,0.7766362,176.0,206.0,0.6652005,106.0,154.0,0.57288575,171.0,264.0,0.6981456,154.0,167.0,0.65246505
guy3_tree090_flipped.jpg,130.0,32.0,0.59822285,132.0,27.0,0.68501675,123.0,27.0,0.70024097,130.0,30.0,0.74850696,110.0,32.0,0.842185,145.0,65.0,0.8478774,96.0,66.0,0.9538665,169.0,100.0,0.79995346,90.0,99.0,0.89540005,143.0,81.0,0.7236269,126.0,85.0,0.66899633,143.0,135.0,0.9031093,117.0,142.0,0.86981076,194.0,153.0,0.9175794,124.0,206.0,0.8467919,145.0,168.0,0.6501219,128.0,263.0,0.61041325
guy3_tree091.jpg,169.0,31.0,0.6856452,175.0,26.0,0.53801906,166.0,26.0,0.46951395,189.0,31.0,0.7520093,168.0,29.0,0.38312244,201.0,65.0,0.61246884,156.0,64.0,0.72489417,206.0,98.0,0.53865707,131.0,98.0,0.7092494,171.0,82.0,0.6334966,157.0,79.0,0.54695505,178.0,142.0,0.6635147,154.0,134.0,0.8224486,175.0,204.0,0.7249906,105.0,153.0,0.60911626,170.0,264.0,0.74972785,154.0,167.0,0.64348555
guy3_tree091_flipped.jpg,131.0,31.0,0.65323865,133.0,26.0,0.7674153,124.0,26.0,0.8433578,131.0,28.0,0.7684936,110.0,30.0,0.7736685,146.0,64.0,0.8570843,97.0,65.0,0.9589774,170.0,99.0,0.7785692,91.0,99.0,0.91260153,147.0,80.0,0.6547774,128.0,83.0,0.5907464,143.0,134.0,0.8555469,118.0,141.0,0.84479463,196.0,152.0,0.846712,126.0,207.0,0.73813283,146.0,167.0,0.65801275,129.0,264.0,0.6864683
guy3_tree092.jpg,167.0,31.0,0.6261717,174.0,26.0,0.3983244,165.0,25.0,0.4643189,188.0,30.0,0.5832789,166.0,29.0,0.49725673,200.0,64.0,0.6730592,154.0,63.0,0.6771889,205.0,97.0,0.6366984,131.0,97.0,0.7138803,170.0,81.0,0.581794,156.0,78.0,0.64414674,177.0,141.0,0.69763356,152.0,134.0,0.8408551,174.0,205.0,0.7656614,104.0,154.0,0.7327194,169.0,265.0,0.7456149,154.0,167.0,0.77319205
guy3_tree092_flipped.jpg,131.0,31.0,0.79846114,134.0,26.0,0.8308306,124.0,25.0,0.86367196,131.0,28.0,0.51063484,111.0,29.0,0.88930786,145.0,62.0,0.8207229,97.0,64.0,0.883686,169.0,97.0,0.8028415,92.0,97.0,0.9170173,144.0,78.0,0.7225667,129.0,82.0,0.5952443,143.0,133.0,0.85270333,118.0,139.0,0.844548,195.0,151.0,0.7887995,125.0,206.0,0.8405242,145.0,167.0,0.72034585,130.0,264.0,0.7454681
guy3_tree093.jpg,167.0,30.0,0.824656,174.0,25.0,0.7874108,164.0,25.0,0.5696342,188.0,30.0,0.83022,167.0,28.0,0.64713216,201.0,63.0,0.8302087,154.0,60.0,0.8887705,203.0,97.0,0.8573594,131.0,96.0,0.6516467,168.0,82.0,0.6976578,155.0,79.0,0.5147033,178.0,139.0,0.80381644,152.0,133.0,0.903553,174.0,204.0,0.7839737,104.0,153.0,0.70389676,169.0,267.0,0.72447884,153.0,166.0,0.7347591
guy3_tree093_flipped.jpg,133.0,30.0,0.7379689,134.0,25.0,0.77484274,126.0,25.0,0.8078418,131.0,28.0,0.7231887,112.0,30.0,0.8665682,145.0,60.0,0.8559027,98.0,65.0,0.8873216,170.0,98.0,0.71031344,94.0,98.0,0.6812039,145.0,78.0,0.6548207,131.0,82.0,0.6347164,144.0,132.0,0.8558763,119.0,139.0,0.9062018,195.0,150.0,0.6239908,125.0,207.0,0.9106742,146.0,167.0,0.733868,130.0,264.0,0.7385926
guy3_tree094.jpg,165.0,29.0,0.58353984,172.0,23.0,0.7949816,164.0,23.0,0.6613345,187.0,28.0,0.5194514,167.0,26.0,0.6201003,200.0,63.0,0.662956,153.0,61.0,0.7922798,201.0,95.0,0.74105835,129.0,96.0,0.73708296,166.0,79.0,0.65442497,152.0,77.0,0.694296,177.0,138.0,0.72719204,151.0,132.0,0.8649439,173.0,203.0,0.79579663,104.0,152.0,0.6216767,167.0,263.0,0.7655445,152.0,165.0,0.7873099
guy3_tree094_flipped.jpg,134.0,29.0,0.72555137,135.0,24.0,0.8530997,127.0,24.0,0.90336937,131.0,27.0,0.73059046,113.0,29.0,0.90350354,146.0,60.0,0.7535925,98.0,63.0,0.9103238,171.0,96.0,0.8493608,95.0,98.0,0.79379773,147.0,77.0,0.73425937,132.0,81.0,0.61508656,145.0,131.0,0.8404298,120.0,138.0,0.90242916,196.0,151.0,0.87635624,127.0,205.0,0.7892902,146.0,167.0,0.70491576,131.0,262.0,0.85055745
guy3_tree095.jpg,165.0,29.0,0.73550683,172.0,23.0,0.6824801,164.0,23.0,0.74184346,186.0,28.0,0.6982876,168.0,26.0,0.6427727,199.0,62.0,0.8178492,153.0,59.0,0.8355481,202.0,94.0,0.65966815,129.0,98.0,0.6022267,165.0,80.0,0.6741941,151.0,77.0,0.6863654,177.0,137.0,0.8444627,150.0,132.0,0.75077164,172.0,202.0,0.6019363,104.0,151.0,0.7448964,166.0,263.0,0.65886605,152.0,165.0,0.7968099
guy3_tree095_flipped.jpg,134.0,29.0,0.6769966,136.0,24.0,0.6929674,128.0,23.0,0.6219007,132.0,26.0,0.7894344,114.0,27.0,0.79297316,146.0,61.0,0.7137645,99.0,62.0,0.9463646,170.0,97.0,0.7030523,97.0,95.0,0.9209411,147.0,77.0,0.7924426,133.0,80.0,0.6253135,146.0,131.0,0.89242065,121.0,137.0,0.87964505,197.0,151.0,0.84556496,127.0,206.0,0.8341752,148.0,165.0,0.70610493,132.0,261.0,0.83911717
guy3_tree096.jpg,164.0,28.0,0.7704909,170.0,23.0,0.7314619,161.0,23.0,0.596714,186.0,27.0,0.77103126,166.0,25.0,0.4702573,200.0,62.0,0.7393043,152.0,59.0,0.7729616,200.0,93.0,0.77075833,128.0,97.0,0.9063355,163.0,79.0,0.7105519,150.0,76.0,0.6557323,175.0,136.0,0.81310177,149.0,132.0,0.7373636,171.0,201.0,0.63440114,105.0,150.0,0.7712395,167.0,262.0,0.6560563,151.0,164.0,0.7645839
guy3_tree096_flipped.jpg,135.0,27.0,0.7851837,137.0,23.0,0.74673504,128.0,22.0,0.70469475,132.0,25.0,0.7641743,113.0,26.0,0.847262,146.0,58.0,0.7979612,98.0,61.0,0.9290023,171.0,96.0,0.79387486,98.0,95.0,0.81153214,148.0,75.0,0.74157596,133.0,79.0,0.63550484,145.0,130.0,0.82787246,121.0,136.0,0.90427464,196.0,150.0,0.8834412,127.0,205.0,0.9048709,146.0,165.0,0.7103427,132.0,263.0,0.8219703
guy3_tree097.jpg,164.0,28.0,0.77301836,170.0,22.0,0.64827895,161.0,22.0,0.695991,185.0,26.0,0.86334527,166.0,25.0,0.48949382,197.0,61.0,0.8375638,153.0,57.0,0.7281488,198.0,92.0,0.7346667,130.0,95.0,0.70538163,162.0,78.0,0.7095816,150.0,77.0,0.5152347,173.0,136.0,0.75408393,149.0,131.0,0.91006774,171.0,202.0,0.5401765,102.0,150.0,0.5360655,165.0,266.0,0.6988934,151.0,164.0,0.7747563
guy3_tree097_flipped.jpg,135.0,27.0,0.71510404,137.0,22.0,0.6238102,129.0,22.0,0.80078363,133.0,25.0,0.77670324,114.0,26.0,0.7940889,147.0,59.0,0.88039887,99.0,61.0,0.93464905,170.0,96.0,0.81296945,99.0,94.0,0.7516179,150.0,74.0,0.6729299,135.0,78.0,0.71485555,146.0,130.0,0.8493326,122.0,137.0,0.84681726,197.0,149.0,0.87692773,128.0,205.0,0.8918054,148.0,165.0,0.72516215,133.0,263.0,0.83428895
guy3_tree098.jpg,163.0,26.0,0.79889005,169.0,20.0,0.7524952,161.0,21.0,0.8342363,185.0,25.0,0.89361095,166.0,24.0,0.5997555,197.0,59.0,0.85354424,151.0,56.0,0.7815197,197.0,92.0,0.85079217,130.0,94.0,0.83038235,161.0,77.0,0.79318833,149.0,75.0,0.5345547,173.0,134.0,0.7873258,148.0,129.0,0.92432684,169.0,199.0,0.6645726,103.0,149.0,0.59660923,165.0,261.0,0.75745606,151.0,163.0,0.7942539
guy3_tree098_flipped.jpg,136.0,26.0,0.6792631,138.0,21.0,0.5833249,130.0,21.0,0.8421032,134.0,23.0,0.7703216,116.0,25.0,0.8992026,149.0,57.0,0.87839186,101.0,60.0,0.95065325,170.0,96.0,0.74627465,100.0,93.0,0.76094174,149.0,75.0,0.72845495,136.0,77.0,0.6942456,147.0,129.0,0.856966,122.0,136.0,0.87636936,197.0,148.0,0.9084411,129.0,201.0,0.88920707,148.0,164.0,0.79896927,134.0,261.0,0.82463086
guy3_tree099.jpg,162.0,25.0,0.7711693,168.0,20.0,0.8521269,161.0,20.0,0.77073944,183.0,26.0,0.74045753,165.0,24.0,0.61804587,197.0,59.0,0.82114327,151.0,54.0,0.83537465,195.0,91.0,0.7990628,128.0,95.0,0.7737879,160.0,77.0,0.7000544,149.0,75.0,0.6309266,174.0,133.0,0.8433276,149.0,129.0,0.926538,170.0,199.0,0.68089366,104.0,148.0,0.6869575,164.0,262.0,0.75522286,150.0,163.0,0.80587125
guy3_tree099_flipped.jpg,137.0,25.0,0.8308046,139.0,20.0,0.7361598,130.0,20.0,0.6427751,135.0,23.0,0.49421918,116.0,24.0,0.87506473,150.0,56.0,0.88789684,101.0,59.0,0.93535656,171.0,95.0,0.8291898,102.0,91.0,0.87687224,152.0,74.0,0.7606963,138.0,76.0,0.57792556,148.0,129.0,0.89680403,123.0,135.0,0.8464273,197.0,146.0,0.9001728,131.0,201.0,0.8356469,150.0,164.0,0.7315514,134.0,261.0,0.77082896
guy3_tree100.jpg,161.0,25.0,0.76111853,168.0,20.0,0.7751429,160.0,20.0,0.7657433,183.0,26.0,0.7098892,164.0,23.0,0.63627493,196.0,59.0,0.83574283,150.0,54.0,0.87299097,195.0,90.0,0.7623481,128.0,94.0,0.83413273,159.0,76.0,0.7088083,150.0,75.0,0.5386044,172.0,133.0,0.85304415,147.0,129.0,0.8298429,169.0,200.0,0.74290365,104.0,147.0,0.70573807,164.0,262.0,0.81128526,150.0,162.0,0.7898228
guy3_tree100_flipped.jpg,137.0,25.0,0.75430477,139.0,20.0,0.796013,131.0,20.0,0.66430336,135.0,23.0,0.45736367,116.0,25.0,0.8183191,146.0,54.0,0.8726786,103.0,60.0,0.7928436,168.0,93.0,0.76907945,106.0,91.0,0.8394439,152.0,73.0,0.5160481,140.0,75.0,0.53254807,148.0,131.0,0.7466891,124.0,138.0,0.7442601,196.0,148.0,0.77053905,130.0,201.0,0.6556773,148.0,163.0,0.7023226,134.0,261.0,0.8318388
guy3_tree101.jpg,160.0,24.0,0.5973298,167.0,19.0,0.80381095,159.0,19.0,0.45848373,182.0,25.0,0.7387694,164.0,22.0,0.37609705,194.0,60.0,0.79136044,151.0,55.0,0.8175542,192.0,89.0,0.6865629,129.0,94.0,0.6329493,158.0,75.0,0.5438541,148.0,74.0,0.6202183,171.0,133.0,0.6672262,148.0,127.0,0.8684884,168.0,199.0,0.8330288,103.0,147.0,0.49301794,163.0,261.0,0.707613,148.0,161.0,0.67540467
guy3_tree101_flipped.jpg,139.0,25.0,0.76674485,140.0,20.0,0.56078297,132.0,20.0,0.7897296,136.0,23.0,0.3401916,117.0,25.0,0.64633167,148.0,55.0,0.84878254,104.0,60.0,0.83155704,170.0,95.0,0.67772484,107.0,91.0,0.6746246,152.0,75.0,0.52624816,140.0,77.0,0.64588135,149.0,130.0,0.74697256,125.0,138.0,0.6768755,196.0,147.0,0.7384738,131.0,200.0,0.6896542,150.0,162.0,0.6399266,135.0,262.0,0.7646144
guy3_tree102.jpg,159.0,24.0,0.66741574,165.0,19.0,0.80968887,158.0,19.0,0.71810085,181.0,25.0,0.68876076,165.0,22.0,0.6278733,194.0,59.0,0.76417136,149.0,57.0,0.78017664,191.0,89.0,0.7415948,128.0,94.0,0.73197794,156.0,76.0,0.6198699,146.0,74.0,0.6310039,171.0,132.0,0.7405417,148.0,128.0,0.91566324,168.0,197.0,0.79388344,104.0,146.0,0.7624315,163.0,260.0,0.7302142,148.0,160.0,0.7856923
guy3_tree102_flipped.jpg,139.0,24.0,0.8248906,140.0,19.0,0.89222157,133.0,19.0,0.76784515,134.0,22.0,0.71287215,118.0,24.0,0.9116858,150.0,54.0,0.84242904,103.0,57.0,0.66797554,171.0,95.0,0.7666352,105.0,90.0,0.75398767,152.0,73.0,0.6286861,140.0,75.0,0.5887552,149.0,127.0,0.9151281,125.0,133.0,0.8368454,196.0,146.0,0.7675615,132.0,197.0,0.72438824,152.0,160.0,0.7595235,135.0,259.0,0.8330695
guy3_tree103.jpg,159.0,23.0,0.72287625,166.0,18.0,0.8137549,158.0,18.0,0.5975765,181.0,24.0,0.8512978,163.0,22.0,0.49404517,194.0,58.0,0.7719054,150.0,55.0,0.8292427,191.0,87.0,0.7015835,128.0,94.0,0.70485073,157.0,75.0,0.598511,146.0,73.0,0.66212547,171.0,132.0,0.81438917,146.0,128.0,0.76952803,168.0,197.0,0.7416817,104.0,146.0,0.6758094,163.0,258.0,0.79777884,148.0,160.0,0.78290266
guy3_tree103_flipped.jpg,140.0,23.0,0.701038,141.0,18.0,0.5905206,134.0,18.0,0.66721994,136.0,22.0,0.7347087,119.0,24.0,0.85562974,150.0,55.0,0.8165835,104.0,58.0,0.89222807,172.0,95.0,0.755251,108.0,87.0,0.72831666,153.0,73.0,0.7575005,142.0,74.0,0.6889845,150.0,127.0,0.9102928,126.0,133.0,0.81885743,196.0,145.0,0.8549655,133.0,199.0,0.83100986,153.0,160.0,0.77727735,135.0,257.0,0.755296
guy3_tree104.jpg,158.0,23.0,0.5650583,165.0,18.0,0.84833014,157.0,18.0,0.5982441,180.0,24.0,0.7555052,162.0,21.0,0.46969444,192.0,57.0,0.81511945,149.0,53.0,0.68974465,189.0,87.0,0.58380187,128.0,92.0,0.6729435,155.0,73.0,0.65005314,147.0,73.0,0.45333877,169.0,131.0,0.6291748,147.0,126.0,0.89735687,167.0,196.0,0.8544916,104.0,145.0,0.65102065,162.0,259.0,0.6945958,147.0,160.0,0.7132884
guy3_tree104_flipped.jpg,140.0,24.0,0.81851935,141.0,19.0,0.8803452,133.0,18.0,0.77469903,136.0,22.0,0.6780679,118.0,23.0,0.9123581,151.0,54.0,0.8594805,104.0,58.0,0.74852586,170.0,96.0,0.6335956,109.0,90.0,0.77588904,153.0,73.0,0.66056585,142.0,74.0,0.654327,150.0,126.0,0.90816873,126.0,132.0,0.7308655,196.0,145.0,0.9048721,133.0,197.0,0.7944178,152.0,159.0,0.7404144,135.0,257.0,0.8282844
guy3_tree105.jpg,157.0,23.0,0.7803009,164.0,17.0,0.92570704,156.0,17.0,0.7669901,180.0,23.0,0.8037828,163.0,20.0,0.53914094,193.0,58.0,0.87544477,149.0,53.0,0.73199916,187.0,87.0,0.5871232,127.0,93.0,0.7786628,153.0,73.0,0.68567556,146.0,72.0,0.49867275,169.0,130.0,0.81979597,145.0,126.0,0.8321738,165.0,196.0,0.9131155,104.0,144.0,0.68797207,161.0,258.0,0.81071466,147.0,160.0,0.7118232
guy3_tree105_flipped.jpg,140.0,23.0,0.81394374,141.0,18.0,0.75311756,134.0,18.0,0.6163492,135.0,21.0,0.484994,118.0,23.0,0.8755337,151.0,54.0,0.8776701,104.0,58.0,0.90691996,171.0,94.0,0.7297344,112.0,89.0,0.5631404,154.0,72.0,0.7474071,144.0,73.0,0.70830095,150.0,125.0,0.89372855,127.0,131.0,0.7764254,195.0,143.0,0.9148128,133.0,195.0,0.73470455,152.0,159.0,0.7701248,136.0,256.0,0.8606294
guy3_tree106.jpg,157.0,22.0,0.6497408,164.0,17.0,0.8398473,157.0,17.0,0.5123284,180.0,23.0,0.7590949,161.0,20.0,0.4218778,191.0,58.0,0.89265317,149.0,53.0,0.7807508,186.0,87.0,0.49098092,128.0,92.0,0.75861794,152.0,74.0,0.69402313,145.0,73.0,0.5050669,167.0,129.0,0.5776772,145.0,126.0,0.72122645,165.0,196.0,0.7873535,104.0,145.0,0.73095435,162.0,257.0,0.70796835,147.0,161.0,0.72329473
guy3_tree106_flipped.jpg,142.0,23.0,0.8068856,142.0,17.0,0.7703922,135.0,17.0,0.874427,136.0,21.0,0.634747,120.0,22.0,0.8786592,151.0,52.0,0.8192532,106.0,57.0,0.82110244,171.0,95.0,0.6069137,114.0,89.0,0.7096931,156.0,72.0,0.6783424,146.0,73.0,0.61567986,150.0,125.0,0.8937318,127.0,131.0,0.72204083,195.0,144.0,0.90603584,134.0,196.0,0.7377956,154.0,158.0,0.7791244,137.0,256.0,0.8062839
guy3_tree107.jpg,157.0,23.0,0.5368607,164.0,17.0,0.81232256,156.0,18.0,0.5907197,179.0,23.0,0.7484335,162.0,20.0,0.5929179,192.0,55.0,0.56511694,149.0,54.0,0.72774494,185.0,85.0,0.65391475,129.0,93.0,0.6591059,152.0,72.0,0.7196359,146.0,73.0,0.4879886,168.0,129.0,0.7679349,146.0,126.0,0.8248072,165.0,194.0,0.7592038,105.0,144.0,0.6423851,161.0,257.0,0.75665665,147.0,158.0,0.7187514
guy3_tree107_flipped.jpg,142.0,23.0,0.7229399,143.0,18.0,0.62778217,135.0,17.0,0.6828499,138.0,20.0,0.65053844,120.0,22.0,0.84426314,152.0,52.0,0.88342005,105.0,55.0,0.76615465,169.0,94.0,0.7765881,114.0,87.0,0.6641075,156.0,72.0,0.6779816,146.0,72.0,0.51889366,150.0,124.0,0.89514697,127.0,130.0,0.7645299,195.0,144.0,0.89307797,135.0,195.0,0.8629559,153.0,159.0,0.7656057,136.0,254.0,0.7800801
guy3_tree108.jpg,157.0,22.0,0.43732393,163.0,17.0,0.7795263,156.0,17.0,0.5221653,179.0,22.0,0.62271774,160.0,20.0,0.30837715,189.0,56.0,0.66656065,149.0,53.0,0.5971216,184.0,86.0,0.4744036,131.0,92.0,0.49573714,152.0,72.0,0.65299094,145.0,72.0,0.44500184,168.0,129.0,0.5640445,146.0,125.0,0.68693805,165.0,194.0,0.7091173,106.0,145.0,0.64727104,161.0,257.0,0.7251039,147.0,158.0,0.71556354
guy3_tree108_flipped.jpg,143.0,23.0,0.55750227,143.0,17.0,0.70974714,136.0,17.0,0.8617023,137.0,20.0,0.6636513,120.0,21.0,0.7129655,152.0,52.0,0.8304945,108.0,56.0,0.8862814,169.0,94.0,0.59855485,117.0,87.0,0.6451149,156.0,73.0,0.54935926,147.0,73.0,0.59331954,151.0,124.0,0.87560505,128.0,130.0,0.8434736,194.0,144.0,0.8275159,135.0,196.0,0.71514773,154.0,159.0,0.7529874,138.0,258.0,0.7712929
guy3_tree109.jpg,156.0,22.0,0.51297253,163.0,17.0,0.80446446,156.0,17.0,0.66472846,177.0,22.0,0.69108254,161.0,20.0,0.400687,190.0,55.0,0.73975277,149.0,52.0,0.7331743,182.0,85.0,0.48013416,130.0,93.0,0.6098918,151.0,71.0,0.6715091,145.0,72.0,0.42293727,167.0,128.0,0.6970787,146.0,124.0,0.80233043,165.0,194.0,0.78589845,106.0,145.0,0.5695151,161.0,257.0,0.77679247,147.0,159.0,0.7573892
guy3_tree109_flipped.jpg,144.0,23.0,0.76144844,144.0,17.0,0.7774134,137.0,17.0,0.86829865,138.0,20.0,0.40233195,121.0,22.0,0.7295046,151.0,52.0,0.8258995,109.0,55.0,0.90713704,170.0,94.0,0.5642508,118.0,86.0,0.64787555,156.0,73.0,0.6179184,147.0,72.0,0.7111784,151.0,122.0,0.8608401,129.0,127.0,0.73166573,194.0,144.0,0.711797,135.0,194.0,0.6573455,153.0,159.0,0.8092782,137.0,254.0,0.82294315
guy3_tree110.jpg,156.0,22.0,0.7172143,162.0,17.0,0.72638446,155.0,18.0,0.72027075,177.0,22.0,0.70901394,160.0,21.0,0.32611406,189.0,56.0,0.8065434,149.0,53.0,0.70012385,180.0,85.0,0.44225293,130.0,93.0,0.63401127,151.0,72.0,0.6392455,144.0,74.0,0.4677564,167.0,128.0,0.64503723,146.0,125.0,0.74469006,165.0,194.0,0.67410207,106.0,145.0,0.58204085,161.0,256.0,0.7505263,146.0,157.0,0.7217252
guy3_tree110_flipped.jpg,143.0,23.0,0.70100284,144.0,18.0,0.7986461,136.0,18.0,0.8780724,139.0,21.0,0.51378083,121.0,22.0,0.7130469,152.0,52.0,0.8204956,107.0,55.0,0.8888234,169.0,93.0,0.78706825,117.0,86.0,0.71689934,156.0,73.0,0.69572914,147.0,72.0,0.6501268,150.0,123.0,0.8871392,128.0,127.0,0.7642836,193.0,143.0,0.745288,135.0,194.0,0.62134624,154.0,158.0,0.79523486,137.0,253.0,0.80183387
guy3_tree111.jpg,155.0,22.0,0.75661194,161.0,17.0,0.5729252,154.0,18.0,0.7856507,177.0,22.0,0.813692,159.0,21.0,0.42526776,188.0,54.0,0.7308358,148.0,51.0,0.78103983,181.0,84.0,0.64976263,130.0,93.0,0.58162546,151.0,72.0,0.6319483,144.0,72.0,0.50489396,166.0,128.0,0.5539818,146.0,124.0,0.8831714,164.0,193.0,0.7224953,106.0,144.0,0.5547644,161.0,256.0,0.7668356,146.0,157.0,0.7538191
guy3_tree111_flipped.jpg,143.0,23.0,0.64356345,144.0,18.0,0.7289713,137.0,17.0,0.75446486,139.0,20.0,0.6234133,121.0,22.0,0.7122613,149.0,52.0,0.8473419,109.0,53.0,0.92369103,169.0,93.0,0.70191586,118.0,85.0,0.60680646,157.0,71.0,0.6293363,146.0,72.0,0.6532012,150.0,125.0,0.88161707,128.0,130.0,0.8542427,192.0,144.0,0.87300205,135.0,193.0,0.7213869,154.0,158.0,0.6957443,138.0,255.0,0.7347462
guy3_tree112.jpg,156.0,22.0,0.74290025,162.0,17.0,0.7898837,155.0,18.0,0.7855501,177.0,22.0,0.7523694,161.0,20.0,0.30382356,187.0,55.0,0.71061504,150.0,51.0,0.6235939,179.0,83.0,0.5106691,131.0,91.0,0.5702234,151.0,70.0,0.64648944,144.0,70.0,0.44184294,168.0,127.0,0.738858,146.0,124.0,0.7328143,165.0,192.0,0.7853998,108.0,143.0,0.56360686,161.0,254.0,0.70131457,146.0,156.0,0.69553643
guy3_tree112_flipped.jpg,144.0,23.0,0.5905565,144.0,17.0,0.6898278,137.0,17.0,0.8223596,136.0,20.0,0.6980634,121.0,21.0,0.5007496,149.0,51.0,0.77444774,109.0,54.0,0.6968466,169.0,92.0,0.67035687,119.0,85.0,0.5532005,156.0,71.0,0.59278643,147.0,71.0,0.7362823,150.0,123.0,0.86419284,129.0,128.0,0.87084144,191.0,143.0,0.89320046,135.0,193.0,0.77367246,153.0,157.0,0.7104005,138.0,255.0,0.722865
guy3_tree113.jpg,154.0,23.0,0.7177646,160.0,18.0,0.8722223,154.0,18.0,0.8136458,177.0,23.0,0.8002196,162.0,20.0,0.50256383,188.0,52.0,0.83257806,148.0,49.0,0.7030343,179.0,81.0,0.5732391,130.0,90.0,0.6611508,151.0,68.0,0.7053063,145.0,69.0,0.5059099,168.0,127.0,0.82393,147.0,124.0,0.8027035,164.0,192.0,0.5954749,108.0,143.0,0.77689016,160.0,256.0,0.8557821,145.0,156.0,0.70299435
guy3_tree113_flipped.jpg,143.0,23.0,0.5773303,144.0,18.0,0.49135864,138.0,18.0,0.4554096,139.0,21.0,0.32782033,123.0,22.0,0.5913026,148.0,48.0,0.652138,112.0,55.0,0.7271725,169.0,90.0,0.42683896,121.0,82.0,0.5830713,159.0,68.0,0.53474313,148.0,69.0,0.49239826,151.0,124.0,0.7975181,128.0,131.0,0.7739627,190.0,142.0,0.65813535,134.0,194.0,0.75849426,152.0,156.0,0.6960926,138.0,256.0,0.8096969
guy3_tree114.jpg,155.0,23.0,0.74403775,161.0,19.0,0.7602124,155.0,19.0,0.7635179,176.0,22.0,0.75812787,161.0,21.0,0.26157176,189.0,54.0,0.69942605,151.0,53.0,0.6785699,178.0,80.0,0.52415156,129.0,88.0,0.6854799,151.0,66.0,0.51103616,144.0,66.0,0.47291443,167.0,127.0,0.7333926,147.0,124.0,0.8842212,164.0,191.0,0.8485825,109.0,143.0,0.6200206,162.0,253.0,0.649233,145.0,156.0,0.7998295
guy3_tree114_flipped.jpg,143.0,23.0,0.6589507,143.0,18.0,0.7009752,137.0,18.0,0.8054362,136.0,20.0,0.6385892,122.0,22.0,0.7770293,150.0,49.0,0.87432474,109.0,53.0,0.75196373,169.0,87.0,0.6450459,121.0,79.0,0.5950552,155.0,68.0,0.6063497,146.0,66.0,0.6975974,149.0,123.0,0.83577806,128.0,128.0,0.8512535,189.0,143.0,0.8398982,135.0,193.0,0.8355723,152.0,156.0,0.7243475,137.0,254.0,0.74833536
guy3_tree115.jpg,155.0,24.0,0.71520424,161.0,19.0,0.7741392,155.0,19.0,0.7398622,177.0,23.0,0.8209921,162.0,22.0,0.3001925,189.0,54.0,0.72153103,151.0,53.0,0.68054724,177.0,78.0,0.59901375,127.0,87.0,0.60125285,151.0,62.0,0.6138929,143.0,63.0,0.52658,167.0,127.0,0.7159077,147.0,124.0,0.8694218,165.0,193.0,0.8047621,111.0,143.0,0.6067118,161.0,255.0,0.7368221,147.0,155.0,0.7657208
guy3_tree115_flipped.jpg,143.0,24.0,0.56477875,143.0,18.0,0.7349328,137.0,18.0,0.81712496,136.0,20.0,0.631814,122.0,22.0,0.74255073,150.0,46.0,0.8146851,109.0,53.0,0.87179756,165.0,80.0,0.46089274,123.0,77.0,0.6676076,153.0,63.0,0.5345261,148.0,63.0,0.569183,150.0,123.0,0.8190336,128.0,129.0,0.83770156,189.0,143.0,0.8798222,134.0,192.0,0.77639246,151.0,154.0,0.74706984,138.0,253.0,0.78475773
guy3_tree116.jpg,156.0,22.0,0.57139975,162.0,19.0,0.35057518,156.0,19.0,0.5290049,176.0,23.0,0.6462393,161.0,21.0,0.16895202,186.0,52.0,0.60075307,153.0,53.0,0.5283703,177.0,73.0,0.4266619,128.0,85.0,0.66361356,151.0,57.0,0.5182154,144.0,59.0,0.652644,168.0,127.0,0.6875143,147.0,123.0,0.69319475,164.0,190.0,0.74458146,112.0,143.0,0.51449543,162.0,254.0,0.6012604,146.0,156.0,0.7565749
guy3_tree116_flipped.jpg,143.0,23.0,0.70964485,143.0,18.0,0.69154114,137.0,18.0,0.8175483,136.0,20.0,0.51942956,121.0,22.0,0.80375,148.0,50.0,0.7369818,109.0,50.0,0.6976155,171.0,83.0,0.71026134,122.0,74.0,0.5475011,155.0,60.0,0.62163216,147.0,60.0,0.6035037,148.0,122.0,0.84260297,128.0,127.0,0.87940127,189.0,142.0,0.8545404,135.0,192.0,0.7082042,152.0,156.0,0.7212521,138.0,254.0,0.7357354
guy3_tree117.jpg,156.0,23.0,0.73869693,161.0,19.0,0.77612185,156.0,20.0,0.81703484,177.0,22.0,0.8396332,162.0,22.0,0.23447485,187.0,52.0,0.7318202,154.0,54.0,0.7053089,175.0,71.0,0.4091117,128.0,83.0,0.5835378,151.0,54.0,0.6251946,144.0,55.0,0.50029707,168.0,126.0,0.7205764,148.0,123.0,0.75380933,164.0,192.0,0.7846918,113.0,143.0,0.7244315,162.0,253.0,0.6726259,147.0,158.0,0.7620412
guy3_tree117_flipped.jpg,144.0,24.0,0.72993255,144.0,19.0,0.74855655,137.0,18.0,0.5228536,136.0,21.0,0.59050226,122.0,22.0,0.73390305,148.0,51.0,0.67514944,108.0,50.0,0.8231501,172.0,82.0,0.67803454,126.0,72.0,0.41731137,155.0,55.0,0.6862796,147.0,55.0,0.68333566,150.0,122.0,0.8576178,128.0,127.0,0.8252716,187.0,142.0,0.71304494,135.0,192.0,0.8611355,150.0,155.0,0.730119,138.0,253.0,0.6543318
guy3_tree118.jpg,157.0,24.0,0.7247696,162.0,20.0,0.77365214,156.0,20.0,0.7406421,177.0,23.0,0.8224244,161.0,23.0,0.2649203,190.0,52.0,0.7013831,152.0,55.0,0.74376464,174.0,70.0,0.40188107,126.0,80.0,0.7997898,150.0,51.0,0.53357303,141.0,53.0,0.6598084,168.0,126.0,0.7517849,149.0,122.0,0.5832181,165.0,192.0,0.7338282,114.0,143.0,0.714936,163.0,251.0,0.6592063,148.0,156.0,0.78604656
guy3_tree118_flipped.jpg,142.0,25.0,0.63040495,143.0,19.0,0.68061185,136.0,19.0,0.8061161,135.0,22.0,0.5815121,121.0,24.0,0.7991897,145.0,51.0,0.7957015,109.0,48.0,0.6500622,171.0,78.0,0.7796049,128.0,69.0,0.5970924,156.0,50.0,0.7527456,148.0,50.0,0.75075066,148.0,121.0,0.70543456,127.0,127.0,0.85653335,186.0,143.0,0.830588,134.0,193.0,0.8576819,150.0,156.0,0.7754592,138.0,254.0,0.6750479
guy3_tree119.jpg,157.0,25.0,0.5553819,162.0,21.0,0.6576732,156.0,21.0,0.54963344,178.0,24.0,0.4601388,162.0,23.0,0.23918478,188.0,52.0,0.8631448,157.0,54.0,0.55897856,173.0,66.0,0.49404627,128.0,74.0,0.835184,150.0,48.0,0.55277073,141.0,50.0,0.5933633,168.0,127.0,0.6610855,151.0,124.0,0.73175144,166.0,191.0,0.6976659,115.0,142.0,0.5981585,162.0,253.0,0.8391172,148.0,157.0,0.71716595
guy3_tree119_flipped.jpg,142.0,26.0,0.69720197,142.0,21.0,0.70186555,136.0,20.0,0.4724822,134.0,23.0,0.56882215,121.0,24.0,0.75939727,143.0,52.0,0.7633215,109.0,48.0,0.77912754,172.0,77.0,0.86467993,129.0,67.0,0.5752635,156.0,48.0,0.7869159,147.0,47.0,0.7073489,147.0,123.0,0.7083625,127.0,127.0,0.8232902,185.0,144.0,0.8452077,134.0,193.0,0.8677053,149.0,157.0,0.6756357,137.0,253.0,0.72852695
guy3_tree120.jpg,157.0,26.0,0.5572781,162.0,22.0,0.6384303,156.0,23.0,0.5901567,177.0,25.0,0.48317972,161.0,25.0,0.18198666,187.0,52.0,0.82265174,157.0,55.0,0.5456675,172.0,63.0,0.43181622,127.0,71.0,0.6789786,151.0,45.0,0.5188059,141.0,47.0,0.5536394,168.0,127.0,0.6003009,151.0,123.0,0.72286713,166.0,191.0,0.4552273,115.0,143.0,0.50210154,163.0,253.0,0.8092929,148.0,157.0,0.746944
guy3_tree120_flipped.jpg,141.0,26.0,0.73630667,141.0,20.0,0.66468513,136.0,20.0,0.7184338,132.0,23.0,0.5059321,120.0,24.0,0.8803904,141.0,53.0,0.7294313,108.0,49.0,0.74675715,170.0,71.0,0.5490687,131.0,62.0,0.6374589,154.0,44.0,0.71497524,148.0,42.0,0.76606286,145.0,122.0,0.6220348,127.0,126.0,0.79784393,185.0,144.0,0.84938514,134.0,192.0,0.87083924,149.0,157.0,0.72943807,136.0,252.0,0.7832241
guy3_tree121.jpg,158.0,26.0,0.7049724,163.0,22.0,0.6867665,157.0,22.0,0.499209,179.0,25.0,0.60012436,163.0,25.0,0.23584741,187.0,51.0,0.7947238,157.0,54.0,0.6992222,169.0,60.0,0.56661123,127.0,69.0,0.588444,152.0,40.0,0.5039089,139.0,43.0,0.49453676,169.0,126.0,0.55089194,152.0,124.0,0.77502,166.0,192.0,0.6994452,117.0,143.0,0.55019295,163.0,254.0,0.7787593,149.0,156.0,0.73664856
guy3_tree121_flipped.jpg,141.0,26.0,0.71711755,141.0,21.0,0.7658685,136.0,21.0,0.68481016,133.0,24.0,0.577117,120.0,25.0,0.8787976,144.0,54.0,0.82229745,108.0,49.0,0.76148176,173.0,70.0,0.7767673,131.0,60.0,0.7762338,157.0,42.0,0.8200654,149.0,40.0,0.57631934,146.0,123.0,0.6489742,126.0,127.0,0.8066018,184.0,143.0,0.8121649,133.0,192.0,0.8597149,148.0,157.0,0.72926295,135.0,250.0,0.76750076
guy3_tree122.jpg,160.0,26.0,0.63557243,165.0,22.0,0.49978715,157.0,23.0,0.5449343,179.0,26.0,0.67771816,160.0,25.0,0.15095304,187.0,51.0,0.7626274,157.0,53.0,0.7054223,167.0,57.0,0.5309296,128.0,65.0,0.56384647,150.0,36.0,0.24191184,141.0,39.0,0.5123857,169.0,126.0,0.6298729,152.0,123.0,0.7548088,167.0,192.0,0.70079637,119.0,142.0,0.48846558,164.0,253.0,0.7646425,150.0,156.0,0.7406155
guy3_tree122_flipped.jpg,140.0,27.0,0.62038153,141.0,22.0,0.75941145,134.0,22.0,0.76629317,135.0,24.0,0.4121134,119.0,26.0,0.8371413,142.0,51.0,0.746252,109.0,47.0,0.58227545,172.0,66.0,0.7515017,130.0,57.0,0.5869127,157.0,38.0,0.80224633,148.0,36.0,0.5618049,146.0,123.0,0.5799943,126.0,127.0,0.8598844,183.0,144.0,0.83417976,132.0,192.0,0.8932514,147.0,155.0,0.70630014,134.0,250.0,0.84777236
guy3_tree123.jpg,159.0,26.0,0.6672931,165.0,23.0,0.32025972,159.0,23.0,0.660286,180.0,28.0,0.5449735,163.0,25.0,0.2261743,187.0,51.0,0.7942605,155.0,53.0,0.66576517,166.0,52.0,0.5024421,127.0,61.0,0.6852876,150.0,31.0,0.43140328,140.0,35.0,0.6234165,169.0,126.0,0.51223946,153.0,123.0,0.56678987,168.0,193.0,0.69740164,119.0,144.0,0.6041813,164.0,253.0,0.7371536,150.0,158.0,0.7260634
guy3_tree123_flipped.jpg,140.0,27.0,0.504811,141.0,22.0,0.55745304,134.0,22.0,0.6038078,136.0,27.0,0.4527499,119.0,28.0,0.79009557,144.0,52.0,0.75246084,108.0,48.0,0.75612694,172.0,63.0,0.89736366,131.0,53.0,0.45455664,158.0,35.0,0.8145592,149.0,31.0,0.49915093,146.0,124.0,0.5692947,126.0,128.0,0.7396802,183.0,144.0,0.7966169,133.0,192.0,0.8289226,148.0,155.0,0.71446216,134.0,250.0,0.7935289
guy3_tree124.jpg,160.0,28.0,0.4484375,165.0,25.0,0.673312,158.0,25.0,0.4541552,180.0,28.0,0.7829356,164.0,27.0,0.3415398,190.0,50.0,0.78174126,156.0,53.0,0.59748137,168.0,49.0,0.48271614,128.0,59.0,0.63029444,150.0,30.0,0.4808356,141.0,32.0,0.6081915,170.0,127.0,0.64483106,154.0,124.0,0.59726423,168.0,193.0,0.6803402,120.0,143.0,0.67793024,165.0,252.0,0.7388785,151.0,157.0,0.69519675
guy3_tree124_flipped.jpg,138.0,28.0,0.6110097,139.0,24.0,0.59504473,134.0,24.0,0.631706,133.0,28.0,0.5176245,119.0,28.0,0.7008352,141.0,53.0,0.7647432,108.0,47.0,0.89072967,172.0,60.0,0.7311255,132.0,50.0,0.47528273,158.0,34.0,0.7665709,146.0,29.0,0.55188966,145.0,124.0,0.61446536,125.0,128.0,0.7650238,181.0,145.0,0.7785909,131.0,193.0,0.82370925,147.0,157.0,0.7234999,134.0,249.0,0.8054835
guy3_tree125.jpg,159.0,31.0,0.6357255,164.0,26.0,0.7123786,159.0,26.0,0.640334,180.0,28.0,0.77185297,166.0,28.0,0.5927751,191.0,48.0,0.80927986,157.0,53.0,0.8003825,167.0,47.0,0.42764828,128.0,55.0,0.741549,151.0,23.0,0.40126753,142.0,27.0,0.64100313,171.0,127.0,0.61523604,154.0,124.0,0.7521103,168.0,194.0,0.5679505,120.0,144.0,0.7248678,166.0,253.0,0.87613994,152.0,156.0,0.71915126
guy3_tree125_flipped.jpg,138.0,30.0,0.6160058,138.0,25.0,0.68803567,133.0,24.0,0.7281264,133.0,29.0,0.5864789,118.0,28.0,0.871019,142.0,53.0,0.7819585,108.0,48.0,0.85630846,170.0,54.0,0.9312383,132.0,47.0,0.6893238,155.0,27.0,0.70151544,145.0,24.0,0.6295854,144.0,124.0,0.61505246,125.0,127.0,0.8637715,180.0,145.0,0.7712389,131.0,193.0,0.8581117,146.0,156.0,0.73446894,133.0,250.0,0.79456675
guy3_tree126.jpg,159.0,32.0,0.5562632,164.0,27.0,0.78002346,159.0,28.0,0.6640378,180.0,29.0,0.64854115,166.0,29.0,0.46739766,191.0,48.0,0.8234676,157.0,52.0,0.7506707,167.0,46.0,0.3724163,127.0,52.0,0.7916022,152.0,21.0,0.5715689,143.0,23.0,0.72093725,170.0,127.0,0.7214013,154.0,124.0,0.72234154,169.0,193.0,0.58602315,121.0,144.0,0.73392653,166.0,252.0,0.8596869,152.0,156.0,0.6657859
guy3_tree126_flipped.jpg,136.0,31.0,0.54983246,138.0,26.0,0.638155,132.0,25.0,0.65973806,134.0,30.0,0.56331134,118.0,29.0,0.8829773,142.0,54.0,0.8368863,109.0,48.0,0.7826556,170.0,52.0,0.9029106,131.0,45.0,0.67344916,155.0,24.0,0.7337655,145.0,21.0,0.6522472,143.0,125.0,0.8301872,124.0,127.0,0.86808723,179.0,146.0,0.7947884,131.0,194.0,0.87168705,145.0,157.0,0.6965072,133.0,251.0,0.8442762
guy3_tree127.jpg,161.0,33.0,0.50079405,165.0,28.0,0.7704723,161.0,28.0,0.5711791,181.0,30.0,0.80313617,167.0,29.0,0.54218507,193.0,48.0,0.81763613,158.0,51.0,0.81353766,166.0,43.0,0.35022336,130.0,52.0,0.9252879,152.0,18.0,0.74832493,145.0,21.0,0.7195713,173.0,126.0,0.8185029,155.0,124.0,0.8830813,169.0,193.0,0.8361227,122.0,144.0,0.8138955,167.0,251.0,0.8446212,153.0,158.0,0.75432706
guy3_tree127_flipped.jpg,135.0,32.0,0.6305654,136.0,27.0,0.73643005,130.0,26.0,0.7518714,133.0,31.0,0.65545523,117.0,31.0,0.8581194,140.0,53.0,0.7467016,108.0,51.0,0.8020238,169.0,50.0,0.90565443,130.0,43.0,0.4882277,153.0,23.0,0.7669276,145.0,21.0,0.6383778,143.0,126.0,0.813803,124.0,128.0,0.87395996,178.0,147.0,0.7627465,130.0,193.0,0.90332144,145.0,158.0,0.7484145,133.0,251.0,0.83351123
guy3_tree128.jpg,162.0,32.0,0.65147424,167.0,28.0,0.6265631,162.0,27.0,0.6421915,182.0,30.0,0.59548134,170.0,29.0,0.5537766,190.0,50.0,0.8211682,157.0,52.0,0.8175844,169.0,40.0,0.49074596,129.0,47.0,0.75552475,154.0,16.0,0.6989176,144.0,19.0,0.54024065,172.0,128.0,0.6318539,156.0,124.0,0.7659304,170.0,194.0,0.78735393,124.0,145.0,0.74696624,168.0,252.0,0.89930147,155.0,156.0,0.7515546
guy3_tree128_flipped.jpg,135.0,32.0,0.56811726,134.0,27.0,0.6003851,129.0,27.0,0.645192,128.0,31.0,0.7109546,117.0,33.0,0.7009785,142.0,53.0,0.85095006,108.0,52.0,0.8689359,168.0,47.0,0.91947055,132.0,39.0,0.5014316,152.0,19.0,0.75965774,146.0,16.0,0.8526282,143.0,127.0,0.81790864,124.0,130.0,0.8632581,178.0,148.0,0.81207925,130.0,195.0,0.88465893,145.0,158.0,0.7552977,133.0,251.0,0.8060219
guy3_tree129.jpg,163.0,34.0,0.58608556,168.0,30.0,0.6054442,163.0,29.0,0.6597199,182.0,32.0,0.5680915,171.0,30.0,0.60709655,189.0,50.0,0.8062865,157.0,51.0,0.8201691,169.0,36.0,0.41499895,133.0,42.0,0.92300904,155.0,13.0,0.6187223,145.0,14.0,0.6741034,173.0,127.0,0.8397571,157.0,124.0,0.9006627,169.0,194.0,0.88807476,124.0,144.0,0.71127224,168.0,251.0,0.8849503,155.0,157.0,0.8108122
guy3_tree129_flipped.jpg,136.0,33.0,0.5602965,134.0,29.0,0.56067514,131.0,28.0,0.59285676,125.0,31.0,0.61702895,118.0,32.0,0.5990255,140.0,51.0,0.845953,108.0,53.0,0.90186334,167.0,43.0,0.88268274,130.0,37.0,0.42819548,151.0,14.0,0.70789796,143.0,13.0,0.88619745,143.0,127.0,0.83769405,124.0,129.0,0.8610806,177.0,148.0,0.60506004,130.0,194.0,0.867769,145.0,158.0,0.7937815,132.0,251.0,0.822729
guy3_tree130.jpg,164.0,35.0,0.6634902,169.0,30.0,0.5292444,163.0,30.0,0.7532058,182.0,32.0,0.62720907,170.0,31.0,0.45314792,189.0,51.0,0.84763616,158.0,50.0,0.85073584,168.0,30.0,0.43345705,133.0,38.0,0.6915556,158.0,9.0,0.7905142,146.0,11.0,0.67304564,174.0,127.0,0.8553479,158.0,125.0,0.90482926,170.0,195.0,0.8842209,125.0,145.0,0.7903832,168.0,253.0,0.8988664,155.0,157.0,0.8310362
guy3_tree130_flipped.jpg,135.0,34.0,0.48715833,133.0,29.0,0.6196511,130.0,29.0,0.6147193,129.0,31.0,0.4194225,118.0,33.0,0.6185829,140.0,51.0,0.7658781,110.0,53.0,0.7845446,166.0,39.0,0.5446594,129.0,36.0,0.13324976,151.0,12.0,0.696046,142.0,10.0,0.6698417,143.0,129.0,0.78191775,123.0,131.0,0.78256416,173.0,147.0,0.71114963,128.0,193.0,0.69533795,144.0,157.0,0.6869762,131.0,252.0,0.7937752
guy3_tree131.jpg,162.0,36.0,0.5654373,167.0,32.0,0.63395214,163.0,31.0,0.7108219,181.0,32.0,0.669875,173.0,31.0,0.48870817,189.0,52.0,0.6484309,162.0,52.0,0.7608128,174.0,25.0,0.42108178,134.0,36.0,0.75012493,160.0,6.0,0.7922527,151.0,8.0,0.72133744,173.0,128.0,0.82410014,158.0,126.0,0.912285,170.0,196.0,0.9130795,126.0,145.0,0.8049853,169.0,252.0,0.90679735,156.0,159.0,0.86560524
guy3_tree131_flipped.jpg,134.0,32.0,0.56269425,131.0,27.0,0.53997386,128.0,28.0,0.46516895,125.0,30.0,0.6056876,118.0,32.0,0.61483157,138.0,51.0,0.82359797,110.0,51.0,0.8164267,163.0,33.0,0.8570723,128.0,25.0,0.51452166,150.0,7.0,0.79562515,142.0,6.0,0.7375283,141.0,126.0,0.8750404,124.0,128.0,0.86633974,175.0,149.0,0.64284,129.0,193.0,0.7616634,144.0,159.0,0.8052882,131.0,251.0,0.79980385
guy3_tree132.jpg,163.0,35.0,0.602003,167.0,32.0,0.5198703,164.0,32.0,0.62336415,180.0,35.0,0.7025547,172.0,34.0,0.6041286,187.0,51.0,0.7585367,164.0,54.0,0.72526705,175.0,24.0,0.29604056,139.0,33.0,0.9406968,160.0,7.0,0.7180443,155.0,7.0,0.6652816,174.0,132.0,0.8767336,156.0,131.0,0.9265777,170.0,195.0,0.7009231,127.0,146.0,0.6541313,168.0,253.0,0.6241337,153.0,161.0,0.797379
guy3_tree132_flipped.jpg,136.0,35.0,0.62909997,133.0,31.0,0.70580935,131.0,31.0,0.78653085,124.0,33.0,0.52225393,119.0,35.0,0.69528997,137.0,53.0,0.82093835,111.0,53.0,0.8820027,160.0,32.0,0.79358995,125.0,22.0,0.724732,148.0,5.0,0.6613132,141.0,3.0,0.6174519,141.0,128.0,0.8477038,124.0,131.0,0.7855437,174.0,150.0,0.70428586,129.0,195.0,0.79343295,143.0,161.0,0.7660363,131.0,253.0,0.7432153
guy3_tree133.jpg,164.0,35.0,0.5137712,170.0,32.0,0.46432132,165.0,30.0,0.6637474,183.0,36.0,0.5135733,173.0,34.0,0.49332383,187.0,51.0,0.70811355,165.0,53.0,0.7519328,175.0,21.0,0.24583478,143.0,31.0,0.83810353,162.0,6.0,0.59728277,155.0,6.0,0.4629773,174.0,132.0,0.7981568,156.0,131.0,0.898004,169.0,198.0,0.66635835,128.0,147.0,0.5700412,168.0,254.0,0.6758895,153.0,162.0,0.6938962
guy3_tree133_flipped.jpg,135.0,33.0,0.6317538,132.0,29.0,0.6324625,131.0,29.0,0.6710936,123.0,31.0,0.6120205,119.0,32.0,0.6504761,136.0,53.0,0.8765867,111.0,52.0,0.8884342,156.0,29.0,0.8484314,126.0,17.0,0.5437374,146.0,2.0,0.6335575,138.0,0.0,0.7041485,140.0,128.0,0.8728071,123.0,130.0,0.7916431,174.0,151.0,0.76096326,129.0,195.0,0.72076845,143.0,160.0,0.7798988,130.0,252.0,0.84357
guy3_tree134.jpg,163.0,37.0,0.35623044,169.0,33.0,0.51340723,165.0,32.0,0.5606658,181.0,36.0,0.5017077,174.0,36.0,0.44137254,188.0,53.0,0.7819829,166.0,53.0,0.7238227,176.0,21.0,0.42522028,146.0,30.0,0.82019,165.0,9.0,0.45988795,158.0,5.0,0.29051295,174.0,134.0,0.8361285,157.0,132.0,0.91561925,170.0,198.0,0.6002925,129.0,148.0,0.6121559,169.0,254.0,0.7374439,154.0,161.0,0.6982845
guy3_tree134_flipped.jpg,135.0,36.0,0.58800924,132.0,32.0,0.57642686,131.0,32.0,0.71987355,124.0,34.0,0.5446817,119.0,34.0,0.5691533,133.0,53.0,0.73318267,111.0,52.0,0.8220405,153.0,28.0,0.8364868,125.0,17.0,0.59672725,152.0,24.0,0.26244497,134.0,0.0,0.6395419,140.0,128.0,0.7981004,123.0,131.0,0.78681284,172.0,151.0,0.68062216,129.0,196.0,0.80954266,143.0,162.0,0.639559,130.0,253.0,0.83633626
guy3_tree135.jpg,167.0,37.0,0.38549963,172.0,34.0,0.4920912,166.0,33.0,0.54334044,183.0,39.0,0.59247947,172.0,36.0,0.30382562,186.0,55.0,0.48594403,166.0,54.0,0.69124556,179.0,21.0,0.21141522,148.0,28.0,0.741979,168.0,6.0,0.44604194,159.0,5.0,0.18511908,175.0,134.0,0.72834104,157.0,132.0,0.85356265,171.0,198.0,0.68975127,131.0,149.0,0.42700866,169.0,255.0,0.6761683,154.0,163.0,0.6896713
guy3_tree135_flipped.jpg,134.0,37.0,0.53322375,132.0,33.0,0.57267964,130.0,33.0,0.6623086,123.0,35.0,0.4855621,118.0,35.0,0.5616763,132.0,55.0,0.7797377,112.0,53.0,0.8352545,150.0,27.0,0.79262173,123.0,16.0,0.4944862,150.0,25.0,0.33990744,133.0,1.0,0.53091395,139.0,130.0,0.8313849,123.0,133.0,0.786815,172.0,152.0,0.60515654,128.0,196.0,0.6404247,143.0,162.0,0.65204906,129.0,254.0,0.7909132
guy3_tree136.jpg,163.0,42.0,0.53212655,167.0,36.0,0.4333386,166.0,36.0,0.64733934,181.0,37.0,0.68879426,177.0,36.0,0.55888593,189.0,54.0,0.74490017,167.0,56.0,0.7858858,175.0,10.0,0.37536764,152.0,26.0,0.71134037,167.0,-2.0,0.29720134,155.0,25.0,0.107632786,174.0,132.0,0.78443325,159.0,130.0,0.93132615,171.0,198.0,0.7734134,130.0,148.0,0.70585823,169.0,255.0,0.9077838,156.0,162.0,0.7871975
guy3_tree136_flipped.jpg,134.0,39.0,0.6343051,133.0,35.0,0.7068747,131.0,35.0,0.7047744,123.0,37.0,0.6110543,118.0,37.0,0.5890633,131.0,57.0,0.80071163,110.0,57.0,0.7247815,147.0,25.0,0.76125944,120.0,18.0,0.64783674,142.0,0.0,0.47694963,132.0,-1.0,0.5026542,138.0,131.0,0.89787817,122.0,133.0,0.79022145,172.0,153.0,0.6963792,128.0,196.0,0.8035943,142.0,163.0,0.7312708,129.0,254.0,0.8573301
guy3_tree137.jpg,164.0,42.0,0.4963416,168.0,36.0,0.4695468,166.0,36.0,0.6894214,182.0,38.0,0.63276005,176.0,38.0,0.6390061,189.0,55.0,0.8351681,167.0,57.0,0.5808214,177.0,14.0,0.33800083,155.0,26.0,0.5461565,169.0,-2.0,0.26574948,157.0,25.0,0.15760437,174.0,134.0,0.680742,159.0,132.0,0.9137083,172.0,200.0,0.70547307,131.0,148.0,0.6232274,170.0,256.0,0.82766247,156.0,163.0,0.7472609
guy3_tree137_flipped.jpg,134.0,42.0,0.50299704,132.0,36.0,0.58891547,130.0,37.0,0.60087526,123.0,38.0,0.638317,117.0,38.0,0.5579542,132.0,57.0,0.74859,110.0,58.0,0.7227017,145.0,24.0,0.6655556,119.0,18.0,0.5486679,140.0,1.0,0.395348,130.0,0.0,0.4410457,138.0,133.0,0.8872773,123.0,135.0,0.8680761,171.0,153.0,0.6575977,128.0,198.0,0.796767,141.0,165.0,0.6986213,129.0,255.0,0.8453595
guy3_tree138.jpg,165.0,44.0,0.5173507,169.0,38.0,0.41201907,166.0,38.0,0.59961396,183.0,39.0,0.6306734,176.0,40.0,0.5208727,190.0,57.0,0.7805502,170.0,59.0,0.59073246,179.0,15.0,0.6016314,157.0,24.0,0.5364056,170.0,-1.0,0.32325318,158.0,19.0,0.1819553,176.0,135.0,0.67488253,161.0,133.0,0.84683204,173.0,201.0,0.76636213,132.0,148.0,0.7290761,170.0,257.0,0.7648347,157.0,165.0,0.68943274
guy3_tree138_flipped.jpg,134.0,45.0,0.5575843,133.0,41.0,0.5117405,130.0,41.0,0.50772417,123.0,41.0,0.34519705,118.0,42.0,0.43281096,129.0,56.0,0.6109711,110.0,59.0,0.6729976,140.0,26.0,0.76029944,120.0,21.0,0.54896545,137.0,5.0,0.30622205,124.0,8.0,0.19711599,138.0,134.0,0.8213538,122.0,137.0,0.7452245,169.0,153.0,0.6671244,127.0,199.0,0.6234788,140.0,165.0,0.4712526,129.0,256.0,0.78814125
guy3_tree139.jpg,165.0,45.0,0.48180264,170.0,39.0,0.69107056,166.0,39.0,0.5418797,183.0,41.0,0.67782295,175.0,41.0,0.55473757,189.0,59.0,0.7398265,169.0,60.0,0.8002332,177.0,16.0,0.57137954,159.0,25.0,0.6243685,171.0,0.0,0.29935166,159.0,24.0,0.12900591,176.0,134.0,0.71646154,161.0,132.0,0.88221127,172.0,200.0,0.82326096,133.0,149.0,0.63339156,170.0,257.0,0.8632202,157.0,166.0,0.7587341
guy3_tree139_flipped.jpg,134.0,46.0,0.46752322,132.0,42.0,0.6312494,130.0,41.0,0.5634343,122.0,42.0,0.5708978,117.0,42.0,0.6186292,131.0,61.0,0.6553173,110.0,62.0,0.6668687,138.0,27.0,0.6108639,119.0,21.0,0.5340868,135.0,1.0,0.32592943,127.0,0.0,0.6224704,137.0,135.0,0.8689947,123.0,137.0,0.8119333,168.0,155.0,0.54964995,128.0,199.0,0.74461156,142.0,169.0,0.5332241,128.0,255.0,0.79736394
guy3_tree140.jpg,166.0,46.0,0.48832196,170.0,40.0,0.6552359,167.0,40.0,0.4852639,184.0,43.0,0.65957487,176.0,42.0,0.59710234,190.0,60.0,0.785592,169.0,60.0,0.7385331,179.0,17.0,0.52833974,162.0,23.0,0.5556623,172.0,0.0,0.22785519,163.0,1.0,0.30332112,176.0,136.0,0.83093756,161.0,134.0,0.86593914,172.0,202.0,0.8234805,132.0,151.0,0.5682711,171.0,259.0,0.77322936,157.0,166.0,0.73092836
guy3_tree140_flipped.jpg,134.0,47.0,0.53583914,133.0,41.0,0.66761297,129.0,41.0,0.47677925,124.0,41.0,0.64493847,117.0,42.0,0.5863116,129.0,59.0,0.697634,109.0,61.0,0.7378676,135.0,24.0,0.53640604,121.0,19.0,0.57724714,133.0,2.0,0.24842612,127.0,1.0,0.47443748,137.0,136.0,0.89563215,122.0,138.0,0.8474157,168.0,155.0,0.4850393,127.0,202.0,0.73231137,141.0,167.0,0.5703982,128.0,258.0,0.7991417
guy3_tree141.jpg,166.0,47.0,0.5202302,171.0,41.0,0.4899714,167.0,42.0,0.6107286,184.0,44.0,0.7362528,175.0,44.0,0.53933847,190.0,62.0,0.81519914,169.0,63.0,0.6231225,179.0,21.0,0.46263266,160.0,33.0,0.23811382,171.0,1.0,0.31831467,160.0,24.0,0.16540328,175.0,138.0,0.7077105,160.0,137.0,0.92151046,172.0,203.0,0.788901,133.0,151.0,0.55515313,171.0,259.0,0.85896236,156.0,166.0,0.6597451
guy3_tree141_flipped.jpg,134.0,47.0,0.5506338,132.0,42.0,0.7013296,129.0,41.0,0.50730336,124.0,43.0,0.5189839,117.0,44.0,0.53029263,130.0,62.0,0.6667508,109.0,62.0,0.8553707,136.0,27.0,0.5662805,118.0,23.0,0.51852345,134.0,1.0,0.33835432,127.0,1.0,0.5719279,137.0,136.0,0.8894716,123.0,138.0,0.8483844,168.0,156.0,0.6137102,127.0,202.0,0.7111217,141.0,169.0,0.6637046,129.0,258.0,0.75474656
guy3_tree142.jpg,166.0,47.0,0.6280275,170.0,43.0,0.76881963,166.0,43.0,0.70299923,183.0,44.0,0.5807752,173.0,45.0,0.5127779,189.0,63.0,0.7919873,170.0,64.0,0.7524792,178.0,20.0,0.53873205,161.0,27.0,0.43165144,170.0,5.0,0.281454,160.0,25.0,0.17870796,175.0,139.0,0.83697796,160.0,138.0,0.9097973,172.0,203.0,0.7560295,133.0,153.0,0.7215858,171.0,259.0,0.78519857,157.0,167.0,0.64004356
guy3_tree142_flipped.jpg,133.0,48.0,0.53640115,132.0,43.0,0.68458974,129.0,43.0,0.55384666,122.0,44.0,0.5597303,116.0,45.0,0.5393457,131.0,61.0,0.6336583,109.0,62.0,0.87097776,137.0,29.0,0.5118508,120.0,23.0,0.71963036,133.0,2.0,0.33855987,128.0,2.0,0.52355826,136.0,137.0,0.8979976,123.0,139.0,0.876831,167.0,157.0,0.60358,127.0,203.0,0.70780265,140.0,170.0,0.6705791,128.0,259.0,0.79601336
guy3_tree143.jpg,166.0,48.0,0.61069834,171.0,43.0,0.66326,166.0,43.0,0.67189705,183.0,46.0,0.5852766,173.0,46.0,0.3982673,189.0,64.0,0.6354274,170.0,65.0,0.76603115,177.0,19.0,0.4408984,161.0,27.0,0.46064177,171.0,6.0,0.3478821,160.0,28.0,0.2343146,176.0,140.0,0.740623,161.0,139.0,0.8209189,173.0,204.0,0.6787796,133.0,154.0,0.65701246,172.0,259.0,0.7897885,157.0,168.0,0.6944885
guy3_tree143_flipped.jpg,134.0,49.0,0.5609603,131.0,44.0,0.67386496,130.0,44.0,0.6303705,121.0,44.0,0.6142746,117.0,45.0,0.6035861,128.0,63.0,0.7421228,109.0,64.0,0.7483963,135.0,30.0,0.6870388,120.0,24.0,0.6436461,133.0,3.0,0.29522735,128.0,2.0,0.7396052,136.0,139.0,0.8933439,122.0,141.0,0.8678132,167.0,157.0,0.41032293,127.0,205.0,0.72529423,142.0,170.0,0.51092553,128.0,259.0,0.7694528
guy3_tree144.jpg,166.0,49.0,0.5706899,171.0,44.0,0.7123952,167.0,44.0,0.69842297,184.0,46.0,0.59199685,174.0,47.0,0.46492505,189.0,64.0,0.7561767,169.0,66.0,0.707675,178.0,23.0,0.5385939,162.0,28.0,0.3987642,171.0,4.0,0.42829815,161.0,29.0,0.17595772,175.0,140.0,0.68618596,160.0,139.0,0.90523994,173.0,205.0,0.74441123,134.0,154.0,0.6646526,171.0,259.0,0.81236887,157.0,169.0,0.69449055
guy3_tree144_flipped.jpg,133.0,50.0,0.5994761,131.0,46.0,0.6799289,129.0,45.0,0.65371025,121.0,47.0,0.5500231,116.0,48.0,0.6299344,128.0,65.0,0.7294942,109.0,66.0,0.8620803,136.0,34.0,0.659336,120.0,27.0,0.6687217,133.0,4.0,0.43928888,126.0,5.0,0.7709521,135.0,140.0,0.88975096,122.0,142.0,0.8696141,166.0,158.0,0.5430582,127.0,205.0,0.75528395,140.0,172.0,0.60378295,128.0,260.0,0.8204666
guy3_tree145.jpg,167.0,50.0,0.6020036,172.0,46.0,0.6575676,168.0,46.0,0.6764575,183.0,48.0,0.56388545,173.0,49.0,0.466716,189.0,67.0,0.79165816,169.0,68.0,0.7274775,178.0,28.0,0.5591849,163.0,32.0,0.518625,171.0,6.0,0.65599924,162.0,7.0,0.3573249,175.0,143.0,0.6588971,161.0,141.0,0.91443425,173.0,207.0,0.760113,134.0,156.0,0.63838863,171.0,261.0,0.83295256,157.0,171.0,0.7235034
guy3_tree145_flipped.jpg,133.0,52.0,0.5757224,131.0,47.0,0.7732551,129.0,47.0,0.64208627,122.0,49.0,0.5889162,116.0,49.0,0.6155073,128.0,67.0,0.729387,109.0,68.0,0.89044917,136.0,36.0,0.6280994,120.0,29.0,0.6444915,133.0,7.0,0.47613874,127.0,5.0,0.66474336,136.0,141.0,0.90511626,123.0,143.0,0.8747957,166.0,159.0,0.67051625,128.0,204.0,0.75581217,140.0,173.0,0.705148,129.0,260.0,0.8159417
guy3_tree146.jpg,167.0,51.0,0.6131302,171.0,46.0,0.6411402,167.0,46.0,0.6303884,183.0,48.0,0.588302,173.0,49.0,0.47986913,189.0,67.0,0.75592625,170.0,69.0,0.7353182,178.0,28.0,0.48440117,163.0,36.0,0.34858164,171.0,6.0,0.6461022,163.0,6.0,0.32984382,176.0,142.0,0.7256545,162.0,141.0,0.82466954,173.0,207.0,0.8254436,135.0,156.0,0.5885132,171.0,261.0,0.89312667,158.0,173.0,0.63614225
guy3_tree146_flipped.jpg,133.0,52.0,0.48891586,130.0,48.0,0.7050241,128.0,48.0,0.59925175,121.0,50.0,0.5600646,115.0,50.0,0.5765962,128.0,69.0,0.74887085,109.0,70.0,0.6647593,135.0,39.0,0.63758993,120.0,31.0,0.6689259,133.0,9.0,0.46629667,127.0,7.0,0.63991165,136.0,141.0,0.9016438,123.0,144.0,0.87690204,166.0,159.0,0.6298232,129.0,205.0,0.75851125,140.0,174.0,0.6801981,128.0,260.0,0.8234807
guy3_tree147.jpg,166.0,54.0,0.6479675,170.0,50.0,0.7786033,166.0,49.0,0.7252102,183.0,51.0,0.52948236,173.0,52.0,0.4984129,189.0,70.0,0.77696216,171.0,71.0,0.7406906,178.0,30.0,0.47795737,165.0,36.0,0.36317822,170.0,9.0,0.56792426,163.0,10.0,0.32306054,175.0,145.0,0.647334,162.0,143.0,0.7956374,172.0,208.0,0.8310512,135.0,158.0,0.738696,171.0,262.0,0.88534653,158.0,174.0,0.731632
guy3_tree147_flipped.jpg,132.0,53.0,0.38466644,130.0,49.0,0.69013715,128.0,48.0,0.59876925,123.0,50.0,0.5837763,116.0,51.0,0.46323726,128.0,69.0,0.71789026,109.0,71.0,0.642958,134.0,37.0,0.5929644,119.0,31.0,0.52845657,134.0,9.0,0.32752508,125.0,11.0,0.55293083,135.0,142.0,0.8652911,123.0,145.0,0.8338933,164.0,160.0,0.60704505,128.0,204.0,0.6461679,140.0,175.0,0.64940906,128.0,261.0,0.7670157
guy3_tree148.jpg,166.0,55.0,0.6594864,170.0,50.0,0.74427617,166.0,50.0,0.69998175,183.0,52.0,0.58719313,173.0,52.0,0.47609508,189.0,70.0,0.7169422,172.0,71.0,0.7172456,178.0,31.0,0.49900872,164.0,41.0,0.35028306,170.0,11.0,0.47137496,163.0,9.0,0.27317095,175.0,145.0,0.6709062,161.0,143.0,0.7725142,172.0,209.0,0.8051348,135.0,159.0,0.6454954,171.0,263.0,0.90540093,158.0,176.0,0.6773294
guy3_tree148_flipped.jpg,133.0,56.0,0.5194614,131.0,52.0,0.6809527,129.0,50.0,0.5435174,123.0,52.0,0.57070005,117.0,53.0,0.57805634,128.0,70.0,0.73840594,109.0,72.0,0.712976,134.0,40.0,0.56841826,119.0,32.0,0.5854651,133.0,10.0,0.4412572,127.0,9.0,0.7318784,136.0,143.0,0.8907473,123.0,145.0,0.8697965,166.0,161.0,0.44308156,128.0,207.0,0.74440575,140.0,177.0,0.6631043,128.0,263.0,0.8235966
guy3_tree149.jpg,167.0,55.0,0.6307682,171.0,51.0,0.61719,167.0,51.0,0.6403551,183.0,54.0,0.63003325,173.0,53.0,0.4172383,189.0,72.0,0.6451712,173.0,73.0,0.61005145,178.0,33.0,0.49059987,165.0,42.0,0.33526194,170.0,12.0,0.39968044,163.0,11.0,0.26075122,175.0,146.0,0.59531254,161.0,145.0,0.74313956,172.0,211.0,0.7183658,135.0,159.0,0.56756663,171.0,264.0,0.8097153,158.0,177.0,0.6831216
guy3_tree149_flipped.jpg,132.0,56.0,0.5808463,131.0,52.0,0.7753922,128.0,51.0,0.6605501,123.0,54.0,0.56966627,117.0,54.0,0.51909804,128.0,72.0,0.73302996,109.0,72.0,0.88169795,135.0,43.0,0.4282388,119.0,34.0,0.5829354,134.0,12.0,0.4145744,127.0,12.0,0.6837505,135.0,144.0,0.89152634,123.0,146.0,0.8773986,166.0,163.0,0.46481,129.0,206.0,0.74847186,138.0,178.0,0.60946536,128.0,263.0,0.8056547
guy3_tree150.jpg,167.0,57.0,0.6490686,171.0,52.0,0.623615,167.0,52.0,0.6300589,183.0,54.0,0.646269,173.0,55.0,0.48265266,190.0,72.0,0.6678289,172.0,73.0,0.6778868,179.0,35.0,0.54338896,164.0,45.0,0.47378877,171.0,13.0,0.5687007,162.0,15.0,0.24997115,175.0,148.0,0.63778293,161.0,146.0,0.7700796,172.0,212.0,0.697387,136.0,161.0,0.68535125,171.0,264.0,0.8742537,159.0,177.0,0.72808003
guy3_tree150_flipped.jpg,132.0,56.0,0.59755236,130.0,52.0,0.6476686,129.0,51.0,0.68883336,123.0,54.0,0.47329783,117.0,54.0,0.48985538,126.0,72.0,0.65473425,109.0,73.0,0.83612204,136.0,42.0,0.47364587,119.0,35.0,0.62295103,134.0,13.0,0.4293627,126.0,13.0,0.6521882,135.0,146.0,0.88186336,123.0,148.0,0.83358,164.0,163.0,0.5178438,127.0,208.0,0.712034,139.0,177.0,0.54830205,127.0,264.0,0.81998515
guy3_tree151.jpg,167.0,58.0,0.6279546,171.0,54.0,0.6610621,167.0,53.0,0.6709542,183.0,55.0,0.59440166,173.0,55.0,0.45652062,189.0,73.0,0.7129053,172.0,74.0,0.70671606,178.0,35.0,0.505125,163.0,44.0,0.3959362,171.0,14.0,0.5931012,162.0,12.0,0.2698013,175.0,148.0,0.77530813,161.0,147.0,0.8936357,172.0,212.0,0.6691679,136.0,162.0,0.67445683,171.0,266.0,0.789648,159.0,178.0,0.5797468
guy3_tree151_flipped.jpg,132.0,58.0,0.5471597,130.0,54.0,0.6187107,129.0,53.0,0.5443442,123.0,55.0,0.42843932,117.0,55.0,0.53152084,126.0,74.0,0.6149144,109.0,74.0,0.6139386,135.0,43.0,0.5359477,119.0,36.0,0.5843072,135.0,13.0,0.36492226,126.0,13.0,0.5290439,136.0,147.0,0.844876,123.0,149.0,0.8226862,163.0,163.0,0.46528983,127.0,209.0,0.6125131,138.0,179.0,0.48356724,128.0,264.0,0.81631577
guy3_tree152.jpg,167.0,60.0,0.6275945,170.0,55.0,0.67868984,167.0,55.0,0.6235099,183.0,57.0,0.6097841,176.0,56.0,0.47097164,189.0,74.0,0.6497246,173.0,75.0,0.70423126,177.0,37.0,0.43501276,164.0,42.0,0.61462015,171.0,16.0,0.55645007,163.0,13.0,0.28072014,174.0,149.0,0.59992176,162.0,147.0,0.7809597,172.0,213.0,0.6668345,137.0,163.0,0.6110518,171.0,266.0,0.790081,159.0,179.0,0.67881584
guy3_tree152_flipped.jpg,132.0,59.0,0.47453845,131.0,55.0,0.5784906,129.0,54.0,0.56330395,127.0,56.0,0.24468386,117.0,56.0,0.45686358,126.0,75.0,0.517769,110.0,76.0,0.51621836,134.0,40.0,0.43254063,121.0,36.0,0.5657806,135.0,12.0,0.28003874,127.0,14.0,0.44087812,137.0,147.0,0.7185222,124.0,152.0,0.645119,162.0,164.0,0.26011914,128.0,211.0,0.5015482,139.0,178.0,0.3987523,128.0,265.0,0.72594863
guy3_tree153.jpg,167.0,61.0,0.6439779,171.0,56.0,0.7007849,168.0,56.0,0.6336813,183.0,59.0,0.5577759,176.0,58.0,0.38278806,189.0,77.0,0.6637101,173.0,77.0,0.59326637,178.0,39.0,0.46961942,164.0,43.0,0.47091058,171.0,19.0,0.5421121,163.0,18.0,0.3246376,175.0,151.0,0.76509815,161.0,149.0,0.8820589,172.0,214.0,0.61214554,137.0,164.0,0.6607056,171.0,267.0,0.7769054,160.0,182.0,0.59975123
guy3_tree153_flipped.jpg,132.0,60.0,0.51659375,130.0,56.0,0.47910663,129.0,55.0,0.58928275,122.0,57.0,0.41824567,118.0,57.0,0.5302504,126.0,75.0,0.53120863,110.0,78.0,0.66030407,134.0,42.0,0.49867252,120.0,39.0,0.63585,134.0,15.0,0.34886783,127.0,14.0,0.62737536,137.0,148.0,0.78093016,123.0,152.0,0.7678951,162.0,164.0,0.3283912,128.0,213.0,0.59331095,138.0,179.0,0.4825229,127.0,265.0,0.76765156
guy3_tree154.jpg,167.0,62.0,0.6029087,171.0,58.0,0.6439277,167.0,57.0,0.6002207,183.0,60.0,0.63596886,174.0,59.0,0.45501807,189.0,78.0,0.69772315,172.0,77.0,0.6750209,179.0,39.0,0.4194648,165.0,45.0,0.49539074,173.0,17.0,0.5969968,164.0,16.0,0.35408774,175.0,152.0,0.6425904,162.0,150.0,0.8086199,172.0,216.0,0.6818787,137.0,164.0,0.61238,172.0,267.0,0.8323823,160.0,181.0,0.59199035
guy3_tree154_flipped.jpg,131.0,61.0,0.39499012,131.0,57.0,0.48428363,127.0,56.0,0.43964806,126.0,58.0,0.2654039,116.0,58.0,0.51538324,126.0,76.0,0.5470402,110.0,78.0,0.44619283,135.0,43.0,0.39339024,120.0,41.0,0.5307941,134.0,14.0,0.25027943,126.0,15.0,0.3907504,137.0,149.0,0.6920246,123.0,153.0,0.6208173,161.0,165.0,0.29796758,128.0,213.0,0.5269488,137.0,181.0,0.38590747,127.0,267.0,0.7305167
guy3_tree155.jpg,167.0,63.0,0.6062045,171.0,58.0,0.6332216,167.0,58.0,0.61015797,183.0,61.0,0.5301226,175.0,60.0,0.38260818,189.0,79.0,0.71170264,171.0,78.0,0.7034724,177.0,39.0,0.55040157,164.0,45.0,0.42484906,171.0,21.0,0.48155925,163.0,20.0,0.34667578,174.0,153.0,0.5337868,160.0,151.0,0.89278316,171.0,215.0,0.67949104,136.0,166.0,0.63577056,170.0,269.0,0.69846493,159.0,183.0,0.6097261
guy3_tree155_flipped.jpg,132.0,62.0,0.47859064,130.0,58.0,0.5581989,128.0,57.0,0.6201775,121.0,59.0,0.41905987,117.0,59.0,0.57018554,126.0,77.0,0.55562353,110.0,80.0,0.69319034,136.0,46.0,0.43431923,121.0,40.0,0.57112336,134.0,17.0,0.48305434,126.0,17.0,0.67516875,138.0,151.0,0.8551512,124.0,155.0,0.7770537,162.0,166.0,0.45261088,128.0,213.0,0.59662944,139.0,181.0,0.5008733,128.0,267.0,0.7827063
guy3_tree156.jpg,166.0,64.0,0.60033214,170.0,59.0,0.5525025,166.0,59.0,0.6154279,183.0,61.0,0.64514124,173.0,60.0,0.28312603,188.0,80.0,0.7070211,171.0,80.0,0.70118225,177.0,42.0,0.5482618,163.0,45.0,0.48587808,170.0,23.0,0.40342572,162.0,21.0,0.24643624,174.0,154.0,0.5275065,160.0,152.0,0.8850719,171.0,216.0,0.6856824,136.0,166.0,0.6189107,170.0,269.0,0.7969942,159.0,185.0,0.54276794
guy3_tree156_flipped.jpg,131.0,63.0,0.42988905,132.0,60.0,0.5596062,127.0,59.0,0.5332699,128.0,61.0,0.29621583,117.0,60.0,0.5285974,127.0,80.0,0.53631765,110.0,81.0,0.6142378,135.0,47.0,0.46460795,121.0,43.0,0.45524335,134.0,18.0,0.4021526,126.0,18.0,0.52171344,139.0,151.0,0.76073605,125.0,155.0,0.6478298,162.0,167.0,0.35689387,130.0,212.0,0.47819126,138.0,182.0,0.41713768,128.0,269.0,0.7405691
guy3_tree157.jpg,167.0,65.0,0.583952,171.0,60.0,0.52042353,167.0,60.0,0.6013839,183.0,63.0,0.46485826,172.0,61.0,0.3131667,188.0,81.0,0.6334925,170.0,81.0,0.57790124,176.0,40.0,0.38835946,162.0,45.0,0.5385263,170.0,23.0,0.33616003,161.0,20.0,0.14133754,174.0,154.0,0.69666183,161.0,153.0,0.83285385,171.0,217.0,0.6551373,137.0,167.0,0.52551425,171.0,270.0,0.73450124,159.0,184.0,0.48131758
guy3_tree157_flipped.jpg,132.0,65.0,0.47015655,132.0,61.0,0.546376,129.0,60.0,0.5406088,126.0,62.0,0.33416486,118.0,62.0,0.53967196,127.0,79.0,0.5289743,111.0,82.0,0.62809217,137.0,47.0,0.49623454,121.0,43.0,0.4557107,135.0,19.0,0.34608918,127.0,18.0,0.45875573,138.0,153.0,0.8323693,125.0,156.0,0.73946637,162.0,168.0,0.47952303,129.0,213.0,0.55000055,139.0,187.0,0.48195705,128.0,269.0,0.82983005
guy3_tree158.jpg,167.0,65.0,0.55050266,171.0,61.0,0.5066539,167.0,60.0,0.62713206,182.0,63.0,0.5032243,172.0,62.0,0.27189422,188.0,81.0,0.69542813,170.0,81.0,0.621026,179.0,41.0,0.5013602,161.0,45.0,0.4795433,172.0,23.0,0.2926146,157.0,33.0,0.11672815,174.0,154.0,0.72848034,161.0,153.0,0.84731627,171.0,218.0,0.61656094,137.0,167.0,0.4982792,171.0,271.0,0.79302955,159.0,183.0,0.41621235
guy3_tree158_flipped.jpg,132.0,66.0,0.46521235,132.0,62.0,0.5854383,128.0,61.0,0.5352634,127.0,63.0,0.23007861,116.0,63.0,0.50963634,127.0,81.0,0.46120065,111.0,83.0,0.53235006,139.0,49.0,0.358332,120.0,44.0,0.6108185,136.0,19.0,0.2214395,125.0,19.0,0.43047017,138.0,153.0,0.7756597,124.0,158.0,0.61985815,161.0,169.0,0.3189539,129.0,216.0,0.5855914,139.0,190.0,0.29323134,128.0,270.0,0.79583335
guy3_tree159.jpg,167.0,66.0,0.48743445,172.0,61.0,0.43866324,167.0,61.0,0.5639269,182.0,64.0,0.5195611,172.0,64.0,0.33106056,186.0,82.0,0.68147707,169.0,82.0,0.5915386,179.0,41.0,0.40991145,160.0,48.0,0.34617203,172.0,25.0,0.3016075,155.0,42.0,0.13423526,174.0,156.0,0.68018425,160.0,155.0,0.8229121,171.0,218.0,0.78486115,137.0,168.0,0.35864264,171.0,271.0,0.71975017,159.0,184.0,0.37873182
guy3_tree159_flipped.jpg,134.0,66.0,0.5091127,133.0,63.0,0.62248254,130.0,61.0,0.6044166,127.0,63.0,0.2757188,118.0,64.0,0.45028657,128.0,81.0,0.50145566,111.0,82.0,0.78178686,139.0,50.0,0.5183804,119.0,45.0,0.6621212,137.0,20.0,0.22668722,126.0,20.0,0.4186754,139.0,154.0,0.745326,125.0,157.0,0.7086717,163.0,169.0,0.32160956,129.0,216.0,0.659987,138.0,192.0,0.31765422,128.0,270.0,0.7937651
guy3_tree160.jpg,167.0,66.0,0.47073078,172.0,62.0,0.45169166,167.0,61.0,0.45910096,183.0,65.0,0.5344611,172.0,63.0,0.28691995,187.0,83.0,0.7077079,169.0,81.0,0.5436727,179.0,43.0,0.38586617,158.0,49.0,0.58452094,173.0,25.0,0.39655858,159.0,22.0,0.33541963,174.0,156.0,0.68468404,160.0,155.0,0.8407886,171.0,219.0,0.6743978,137.0,169.0,0.4662533,171.0,271.0,0.77782905,158.0,186.0,0.4063524
guy3_tree160_flipped.jpg,134.0,66.0,0.48495585,133.0,63.0,0.526976,130.0,62.0,0.6180489,126.0,63.0,0.32774514,118.0,63.0,0.48594126,129.0,81.0,0.5442419,112.0,83.0,0.5528426,140.0,51.0,0.54881644,120.0,46.0,0.5862651,138.0,20.0,0.37485072,127.0,20.0,0.37619483,137.0,153.0,0.78389466,124.0,157.0,0.66153705,162.0,170.0,0.45554435,130.0,217.0,0.55076593,137.0,185.0,0.3807975,128.0,271.0,0.7778032
guy3_tree161.jpg,166.0,66.0,0.5415357,171.0,62.0,0.5514308,166.0,62.0,0.6636071,182.0,65.0,0.55196667,171.0,64.0,0.28797925,186.0,83.0,0.7484722,169.0,83.0,0.63030964,179.0,44.0,0.47583216,158.0,49.0,0.6692304,174.0,26.0,0.2668593,158.0,24.0,0.2939638,174.0,156.0,0.7027886,161.0,155.0,0.8372721,170.0,219.0,0.63133776,137.0,170.0,0.49610922,170.0,272.0,0.781339,158.0,186.0,0.35660052
guy3_tree161_flipped.jpg,135.0,67.0,0.5312314,134.0,63.0,0.49609575,132.0,63.0,0.5346819,124.0,65.0,0.6200516,118.0,65.0,0.5804262,130.0,82.0,0.70338535,111.0,85.0,0.78820175,142.0,51.0,0.76906127,120.0,46.0,0.70514643,139.0,22.0,0.63327706,129.0,20.0,0.4107243,137.0,154.0,0.76992804,124.0,158.0,0.80140275,164.0,171.0,0.61631536,130.0,217.0,0.6929914,138.0,193.0,0.48248386,128.0,270.0,0.8177339
guy3_tree162.jpg,165.0,68.0,0.59968805,170.0,64.0,0.6206503,166.0,63.0,0.6380174,182.0,67.0,0.6320555,173.0,66.0,0.33510584,186.0,85.0,0.74508953,170.0,85.0,0.6681115,179.0,44.0,0.5243139,157.0,53.0,0.4788808,175.0,26.0,0.1804667,156.0,23.0,0.57082474,173.0,158.0,0.70735383,160.0,157.0,0.66055,170.0,221.0,0.70234,137.0,171.0,0.43810317,170.0,273.0,0.7483119,158.0,187.0,0.35904887
guy3_tree162_flipped.jpg,136.0,69.0,0.36494064,134.0,64.0,0.48812896,131.0,64.0,0.40924826,124.0,66.0,0.6188475,118.0,66.0,0.5915631,129.0,84.0,0.7443555,111.0,88.0,0.6123509,142.0,53.0,0.64678234,120.0,46.0,0.67086107,141.0,21.0,0.7008188,130.0,21.0,0.30392596,137.0,156.0,0.8472506,124.0,160.0,0.8492402,164.0,172.0,0.49137342,130.0,218.0,0.61032856,138.0,196.0,0.3708755,129.0,271.0,0.75494075
guy3_tree163.jpg,164.0,70.0,0.56038076,168.0,66.0,0.62610674,164.0,66.0,0.5605398,181.0,67.0,0.6277909,171.0,67.0,0.30275315,187.0,87.0,0.6939503,169.0,86.0,0.6450568,179.0,48.0,0.4841573,157.0,56.0,0.5066718,174.0,26.0,0.26083103,154.0,24.0,0.6424185,173.0,160.0,0.6458411,160.0,158.0,0.6545745,170.0,221.0,0.6478572,138.0,171.0,0.408903,170.0,274.0,0.6728207,160.0,195.0,0.29691136
guy3_tree163_flipped.jpg,135.0,71.0,0.5322219,134.0,68.0,0.5441307,132.0,67.0,0.53665733,126.0,69.0,0.45660335,119.0,69.0,0.45182484,130.0,86.0,0.63337004,112.0,87.0,0.64080155,142.0,55.0,0.59060204,118.0,50.0,0.5399015,140.0,25.0,0.44542816,123.0,27.0,0.40587834,137.0,156.0,0.7706554,125.0,160.0,0.7554339,161.0,171.0,0.42553607,130.0,217.0,0.6605394,137.0,201.0,0.42103168,128.0,273.0,0.7950241
guy3_tree164.jpg,164.0,70.0,0.60394526,168.0,66.0,0.7111277,164.0,66.0,0.59043014,181.0,68.0,0.4800976,171.0,68.0,0.23921674,186.0,87.0,0.7144293,170.0,87.0,0.65876347,180.0,48.0,0.65874594,156.0,56.0,0.4597016,176.0,29.0,0.16890417,154.0,26.0,0.4596957,174.0,159.0,0.6601325,161.0,157.0,0.8112513,170.0,220.0,0.61734474,138.0,171.0,0.4698772,169.0,273.0,0.76631963,161.0,197.0,0.3018958
guy3_tree164_flipped.jpg,136.0,71.0,0.5201637,135.0,67.0,0.5612795,132.0,66.0,0.5568887,126.0,69.0,0.46769777,119.0,69.0,0.5292462,131.0,86.0,0.6394431,112.0,88.0,0.7195363,143.0,57.0,0.6221436,119.0,50.0,0.58237004,142.0,26.0,0.45527872,123.0,28.0,0.41494805,137.0,157.0,0.78596634,125.0,160.0,0.7643719,162.0,171.0,0.48742265,130.0,217.0,0.514403,137.0,202.0,0.32907885,130.0,273.0,0.76774627
guy3_tree165.jpg,164.0,72.0,0.58523834,167.0,68.0,0.6948942,163.0,67.0,0.55681074,180.0,69.0,0.43177852,170.0,69.0,0.3321296,185.0,87.0,0.65124685,169.0,87.0,0.5852011,179.0,48.0,0.6263734,155.0,59.0,0.42896363,175.0,31.0,0.1476369,153.0,29.0,0.54146266,173.0,160.0,0.59559846,161.0,159.0,0.6901185,170.0,221.0,0.76647186,137.0,172.0,0.4439398,169.0,274.0,0.770085,160.0,199.0,0.26846892
guy3_tree165_flipped.jpg,136.0,72.0,0.44368207,134.0,69.0,0.56440884,132.0,68.0,0.53253317,126.0,70.0,0.505896,120.0,70.0,0.52521825,130.0,86.0,0.5882009,112.0,88.0,0.6942646,143.0,59.0,0.5903564,119.0,51.0,0.536268,142.0,27.0,0.6832229,122.0,26.0,0.35141596,139.0,157.0,0.7875657,125.0,161.0,0.7415459,162.0,172.0,0.39996216,131.0,218.0,0.55917645,138.0,202.0,0.2970573,130.0,273.0,0.71099997
guy3_tree166.jpg,163.0,71.0,0.61522985,167.0,68.0,0.7435001,163.0,67.0,0.6682037,180.0,69.0,0.56910455,170.0,68.0,0.27228495,185.0,88.0,0.6704801,169.0,87.0,0.56065536,180.0,49.0,0.57670856,155.0,63.0,0.50215626,158.0,28.0,0.21900868,152.0,28.0,0.6686392,173.0,161.0,0.64750624,160.0,158.0,0.67202103,169.0,222.0,0.6423485,137.0,173.0,0.4118636,169.0,275.0,0.6847501,161.0,200.0,0.21939176
guy3_tree166_flipped.jpg,135.0,73.0,0.3836382,134.0,68.0,0.59380007,132.0,68.0,0.5395919,129.0,69.0,0.30881736,119.0,70.0,0.3704068,132.0,87.0,0.5509945,113.0,88.0,0.7083061,143.0,61.0,0.3953702,118.0,53.0,0.5247431,145.0,32.0,0.3746159,121.0,30.0,0.20043097,138.0,158.0,0.69745064,125.0,161.0,0.64852923,162.0,173.0,0.30563918,131.0,218.0,0.52843624,136.0,205.0,0.18824078,130.0,275.0,0.80809253
guy3_tree167.jpg,163.0,72.0,0.60126805,167.0,69.0,0.7548261,163.0,68.0,0.6599916,180.0,70.0,0.58725387,170.0,70.0,0.2704526,185.0,89.0,0.69288325,169.0,89.0,0.60042435,181.0,50.0,0.53624487,155.0,65.0,0.45895252,157.0,30.0,0.19965577,152.0,29.0,0.6584304,173.0,162.0,0.6552903,160.0,159.0,0.67341775,169.0,223.0,0.62899834,137.0,173.0,0.4908129,169.0,276.0,0.6335186,162.0,202.0,0.19373183
guy3_tree167_flipped.jpg,135.0,73.0,0.43941298,135.0,69.0,0.54548424,133.0,69.0,0.5493085,130.0,71.0,0.26660758,120.0,71.0,0.4500617,130.0,89.0,0.5086634,113.0,90.0,0.53411436,144.0,62.0,0.31401375,118.0,55.0,0.5584963,145.0,31.0,0.5877131,121.0,31.0,0.11056889,139.0,159.0,0.7377306,125.0,163.0,0.6557467,162.0,173.0,0.29862523,131.0,219.0,0.6427809,139.0,190.0,0.2715454,130.0,276.0,0.79797894
guy3_tree168.jpg,162.0,72.0,0.57245904,166.0,69.0,0.6354363,162.0,68.0,0.60328466,179.0,70.0,0.54787374,170.0,70.0,0.41134307,185.0,90.0,0.5892203,169.0,90.0,0.65704644,180.0,52.0,0.69800454,155.0,65.0,0.5018016,158.0,30.0,0.29181552,153.0,30.0,0.7534579,172.0,162.0,0.66032207,161.0,160.0,0.70882607,169.0,223.0,0.56961906,136.0,173.0,0.429678,168.0,277.0,0.7706271,160.0,201.0,0.27972946
guy3_tree169.jpg,162.0,74.0,0.57227445,166.0,70.0,0.64927655,162.0,69.0,0.5199993,179.0,70.0,0.42126256,169.0,71.0,0.33476338,184.0,89.0,0.6892644,170.0,90.0,0.61893153,180.0,51.0,0.5805485,155.0,67.0,0.4823479,158.0,31.0,0.2957793,152.0,31.0,0.7135202,172.0,163.0,0.64342916,160.0,161.0,0.67570305,169.0,224.0,0.60614175,137.0,174.0,0.4317931,169.0,277.0,0.6626166,162.0,204.0,0.16293608
guy3_tree169_flipped.jpg,137.0,74.0,0.4824418,137.0,71.0,0.37763134,133.0,69.0,0.48907304,131.0,72.0,0.42271864,122.0,72.0,0.51847684,132.0,89.0,0.6315763,115.0,90.0,0.6195942,144.0,60.0,0.2870093,117.0,55.0,0.772751,146.0,34.0,0.47768134,119.0,35.0,0.18701375,138.0,159.0,0.76475394,126.0,163.0,0.6434092,163.0,175.0,0.45554435,132.0,219.0,0.65519786,139.0,190.0,0.28261867,130.0,275.0,0.77588356
guy3_tree170.jpg,162.0,74.0,0.56981874,166.0,70.0,0.6208166,161.0,70.0,0.47880095,178.0,72.0,0.44790825,168.0,72.0,0.31174943,183.0,91.0,0.62772375,169.0,91.0,0.6359996,180.0,52.0,0.485461,152.0,68.0,0.43033656,156.0,32.0,0.35750994,150.0,33.0,0.60455835,171.0,164.0,0.636302,160.0,162.0,0.6495304,169.0,223.0,0.7573517,137.0,175.0,0.3701341,168.0,278.0,0.644155,162.0,205.0,0.15625493
guy3_tree170_flipped.jpg,137.0,75.0,0.41393426,136.0,71.0,0.48838398,132.0,70.0,0.4469263,130.0,73.0,0.43686792,121.0,73.0,0.41428068,131.0,91.0,0.5634626,114.0,92.0,0.5130611,144.0,67.0,0.47184503,118.0,56.0,0.6382259,146.0,34.0,0.79064786,118.0,32.0,0.19107659,138.0,161.0,0.74916476,126.0,164.0,0.73362195,163.0,176.0,0.4349425,132.0,221.0,0.51134646,139.0,191.0,0.27757573,130.0,277.0,0.82025486
guy3_tree171.jpg,161.0,75.0,0.68735653,165.0,71.0,0.58938265,161.0,71.0,0.6572889,178.0,73.0,0.5665488,168.0,72.0,0.383487,184.0,90.0,0.7016721,168.0,91.0,0.67271817,179.0,53.0,0.49261588,154.0,67.0,0.48365435,156.0,33.0,0.34607837,150.0,32.0,0.71880686,172.0,164.0,0.6925715,160.0,161.0,0.6953637,168.0,224.0,0.6901001,137.0,175.0,0.47460106,168.0,277.0,0.76982397,153.0,186.0,0.2660668
guy3_tree171_flipped.jpg,137.0,76.0,0.58578956,137.0,72.0,0.57597166,133.0,71.0,0.5754082,131.0,74.0,0.41143328,122.0,74.0,0.5747912,132.0,92.0,0.6148632,113.0,93.0,0.72114253,144.0,67.0,0.60493195,118.0,59.0,0.6670954,147.0,34.0,0.7830698,118.0,33.0,0.12175707,139.0,162.0,0.70212436,126.0,165.0,0.62264025,164.0,177.0,0.5169289,132.0,221.0,0.66066796,137.0,210.0,0.23572017,131.0,276.0,0.73995656
guy3_tree172.jpg,161.0,75.0,0.44265094,165.0,71.0,0.4360877,160.0,71.0,0.5207066,178.0,73.0,0.7113918,167.0,73.0,0.3952552,183.0,90.0,0.6706791,168.0,91.0,0.63754666,179.0,52.0,0.44618303,152.0,67.0,0.4631379,156.0,32.0,0.2328814,149.0,33.0,0.58898604,172.0,164.0,0.6732794,160.0,162.0,0.7152303,168.0,225.0,0.62337315,137.0,175.0,0.44211847,168.0,277.0,0.73779064,154.0,186.0,0.2872364
guy3_tree172_flipped.jpg,136.0,76.0,0.38330448,137.0,72.0,0.5343239,132.0,71.0,0.40486392,133.0,74.0,0.26604834,122.0,74.0,0.39231157,133.0,93.0,0.4359907,114.0,94.0,0.4320389,144.0,67.0,0.2941496,118.0,59.0,0.6567702,147.0,35.0,0.7343031,119.0,35.0,0.14811231,138.0,161.0,0.7303506,127.0,165.0,0.6380754,162.0,176.0,0.37197983,132.0,222.0,0.52529097,141.0,190.0,0.25708032,131.0,277.0,0.7410825
guy3_tree173.jpg,160.0,75.0,0.6846795,164.0,72.0,0.7119118,160.0,72.0,0.6080104,177.0,74.0,0.68042564,167.0,73.0,0.40607297,183.0,92.0,0.6651275,168.0,92.0,0.68074423,179.0,55.0,0.51400423,152.0,68.0,0.4774732,155.0,34.0,0.24074273,149.0,34.0,0.5655125,172.0,165.0,0.68890435,160.0,162.0,0.7303643,168.0,225.0,0.5987948,136.0,175.0,0.5040755,168.0,278.0,0.71968687,165.0,209.0,0.17750701
guy3_tree173_flipped.jpg,137.0,75.0,0.57314456,138.0,72.0,0.2923327,133.0,71.0,0.43982002,133.0,74.0,0.41442674,122.0,74.0,0.5289394,133.0,92.0,0.48560333,116.0,93.0,0.58864945,145.0,65.0,0.3089385,118.0,60.0,0.69621074,148.0,36.0,0.7786382,120.0,36.0,0.110260926,139.0,161.0,0.73151386,127.0,165.0,0.6324501,164.0,177.0,0.42304313,133.0,221.0,0.58305883,140.0,191.0,0.28866538,131.0,277.0,0.7671947
guy3_tree174.jpg,160.0,76.0,0.69064647,164.0,72.0,0.68978095,159.0,72.0,0.6862418,177.0,74.0,0.56827104,166.0,74.0,0.26772523,183.0,92.0,0.6180223,168.0,93.0,0.60794497,180.0,55.0,0.44211304,152.0,68.0,0.4301941,154.0,35.0,0.16345087,148.0,34.0,0.6790438,171.0,165.0,0.6842847,161.0,163.0,0.7351707,168.0,224.0,0.747718,136.0,176.0,0.5499176,168.0,278.0,0.8427631,155.0,187.0,0.26297495
guy3_tree174_flipped.jpg,137.0,77.0,0.56251687,136.0,73.0,0.550305,133.0,72.0,0.5151464,130.0,74.0,0.5408095,122.0,74.0,0.50067806,132.0,92.0,0.57441485,114.0,93.0,0.5852152,145.0,67.0,0.5421731,118.0,60.0,0.6814448,149.0,36.0,0.69450176,146.0,36.0,0.10904625,139.0,162.0,0.73252064,126.0,165.0,0.8153346,164.0,177.0,0.56568587,132.0,222.0,0.65396976,135.0,214.0,0.22100782,131.0,277.0,0.73260975
guy3_tree175.jpg,160.0,76.0,0.6662916,164.0,73.0,0.6213901,160.0,73.0,0.659381,177.0,75.0,0.59181833,166.0,75.0,0.26550052,183.0,93.0,0.61730874,168.0,93.0,0.5842216,180.0,56.0,0.45469123,153.0,69.0,0.41806018,155.0,36.0,0.16875586,148.0,38.0,0.56665975,172.0,165.0,0.6105739,160.0,163.0,0.68449676,168.0,225.0,0.7190293,137.0,176.0,0.38380727,168.0,278.0,0.8114872,164.0,209.0,0.14542001
guy3_tree176.jpg,160.0,77.0,0.69640124,164.0,73.0,0.73973215,159.0,73.0,0.6836754,176.0,74.0,0.5151883,166.0,75.0,0.30248204,182.0,93.0,0.52873886,167.0,93.0,0.59263706,179.0,56.0,0.55210507,153.0,66.0,0.41467828,154.0,36.0,0.19123492,150.0,36.0,0.5367069,171.0,165.0,0.5827606,160.0,163.0,0.62710524,168.0,225.0,0.67397684,136.0,176.0,0.40439743,168.0,278.0,0.7931011,164.0,208.0,0.1270232
guy3_tree176_flipped.jpg,137.0,77.0,0.35483688,137.0,73.0,0.5804174,134.0,73.0,0.52803206,133.0,75.0,0.51247716,122.0,75.0,0.50627756,133.0,93.0,0.54502285,115.0,95.0,0.56869525,146.0,66.0,0.5348551,119.0,61.0,0.70035386,150.0,37.0,0.6948973,147.0,36.0,0.11331127,140.0,163.0,0.8004797,126.0,167.0,0.81151843,165.0,179.0,0.5681008,133.0,222.0,0.67959285,138.0,192.0,0.34325373,131.0,277.0,0.76897955
guy3_tree177.jpg,159.0,77.0,0.6978014,163.0,73.0,0.61899436,159.0,73.0,0.71231484,176.0,75.0,0.5483168,166.0,74.0,0.34680736,181.0,93.0,0.6299776,167.0,93.0,0.6191348,178.0,57.0,0.4838858,153.0,66.0,0.50345945,154.0,36.0,0.26177937,148.0,36.0,0.47164133,170.0,166.0,0.6571567,159.0,164.0,0.712484,167.0,226.0,0.7919487,136.0,176.0,0.41995797,167.0,279.0,0.6948889,152.0,188.0,0.26128796
guy3_tree177_flipped.jpg,138.0,78.0,0.48125958,138.0,74.0,0.52939934,134.0,73.0,0.57735467,133.0,75.0,0.38587722,122.0,75.0,0.59229016,133.0,93.0,0.5250131,116.0,95.0,0.6800698,146.0,66.0,0.3942646,118.0,60.0,0.681415,151.0,38.0,0.5562787,120.0,37.0,0.1210464,138.0,163.0,0.7084649,127.0,166.0,0.66513205,164.0,179.0,0.29243672,133.0,222.0,0.50165164,141.0,188.0,0.23027787,132.0,278.0,0.7715163
guy3_tree178.jpg,159.0,77.0,0.6130996,164.0,73.0,0.6143355,159.0,73.0,0.6923357,176.0,75.0,0.49726653,164.0,76.0,0.27861622,181.0,94.0,0.43528134,167.0,93.0,0.5465926,178.0,57.0,0.41966993,153.0,65.0,0.42491582,154.0,36.0,0.20561796,148.0,37.0,0.43438256,170.0,166.0,0.58104956,159.0,164.0,0.62584823,167.0,225.0,0.6933522,136.0,177.0,0.31110415,167.0,279.0,0.7600422,164.0,211.0,0.14154632
guy3_tree179.jpg,159.0,78.0,0.63775444,163.0,74.0,0.6080763,158.0,74.0,0.63402915,176.0,75.0,0.54165006,165.0,76.0,0.32238808,182.0,94.0,0.5966909,166.0,93.0,0.5934155,179.0,57.0,0.49784622,153.0,68.0,0.47834152,154.0,36.0,0.18692091,147.0,38.0,0.4780739,170.0,166.0,0.6215867,159.0,164.0,0.66461706,167.0,225.0,0.7652419,137.0,177.0,0.34220397,167.0,279.0,0.74188465,152.0,188.0,0.24556358
guy3_tree180.jpg,159.0,78.0,0.64015144,163.0,74.0,0.66399956,158.0,74.0,0.5729965,176.0,75.0,0.6365366,164.0,76.0,0.33538175,181.0,94.0,0.45014432,167.0,93.0,0.5010624,179.0,56.0,0.5107667,153.0,66.0,0.40447405,176.0,38.0,0.124627404,148.0,37.0,0.54891133,170.0,165.0,0.6049118,159.0,164.0,0.633151,167.0,226.0,0.7451569,137.0,177.0,0.3006014,167.0,279.0,0.7870246,154.0,188.0,0.23023
